order_id,customer_id,restaurant_id,order_date,total_amount,order_status
1,735,1668,2025-06-26,1213.6,Cancelled
2,1778,1384,2026-02-26,1887.81,Delivered
3,1521,1326,2026-03-20,1468.99,Delivered
4,1047,1607,2026-02-17,2022.56,Cancelled
5,590,1420,2025-11-22,1711.56,Pending
6,794,854,2025-10-18,2398.25,Cancelled
7,641,1979,2026-01-26,1447.49,Delivered
8,1524,515,2026-04-20,627.25,Pending
9,1700,462,2025-09-06,2291.99,Cancelled
10,1454,1327,2025-07-24,1014.19,Cancelled
11,1120,1513,2025-06-02,1567.96,Cancelled
12,1975,397,2025-09-05,841.32,Delivered
13,1399,153,2025-12-27,589.39,Delivered
14,1506,1053,2026-01-21,430.48,Delivered
15,878,572,2026-04-13,1458.01,Delivered
16,330,1197,2025-08-14,2138.13,Delivered
17,677,956,2025-11-23,1817.77,Delivered
18,82,315,2025-11-09,2332.28,Cancelled
19,105,1585,2025-07-22,2341.1,Cancelled
20,1727,1356,2025-11-11,857.71,Cancelled
21,1127,734,2025-06-22,321.27,Cancelled
22,651,1077,2025-08-23,666.91,Delivered
23,1067,140,2025-10-31,1997.71,Delivered
24,852,1113,2025-05-26,1412.03,Delivered
25,716,454,2026-02-19,2225.98,Cancelled
26,680,679,2026-05-08,997.87,Delivered
27,1947,1542,2025-06-20,1602.96,Pending
28,1150,1687,2026-04-03,1917.51,Cancelled
29,19,235,2025-11-01,1722.01,Pending
30,493,1853,2026-04-04,1659.32,Cancelled
31,500,1964,2026-04-11,243.71,Pending
32,782,1876,2026-03-09,2021.09,Delivered
33,791,526,2025-09-08,1419.56,Pending
34,51,1867,2026-03-26,1364.64,Pending
35,1054,1645,2025-07-23,1345.53,Pending
36,90,608,2025-09-27,2260.96,Delivered
37,657,1053,2025-11-01,343.51,Delivered
38,343,1990,2026-01-27,2397.25,Cancelled
39,1093,16,2025-06-25,1623.29,Delivered
40,1373,1290,2025-11-12,1967.92,Cancelled
41,869,1712,2026-04-02,394.23,Cancelled
42,1698,1440,2025-11-09,2214.8,Cancelled
43,1588,892,2025-12-25,1669.42,Delivered
44,1530,1406,2025-06-13,511.32,Pending
45,1469,680,2026-01-03,239.03,Delivered
46,112,365,2025-07-04,2016.4,Cancelled
47,145,1178,2025-05-21,2080.81,Pending
48,835,795,2026-04-18,1210.15,Pending
49,887,648,2025-07-20,189.69,Cancelled
50,243,1096,2026-01-24,163.86,Cancelled
51,1267,130,2025-11-04,1926.51,Cancelled
52,94,1436,2026-05-20,2143.39,Pending
53,1901,1030,2025-08-19,399.42,Cancelled
54,618,1243,2025-09-19,353.29,Pending
55,782,810,2025-06-05,2081.99,Delivered
56,971,321,2026-01-06,1403.65,Delivered
57,1530,801,2025-06-01,2022.41,Cancelled
58,605,1967,2025-06-16,1640.01,Pending
59,1388,1817,2026-03-27,2298.3,Cancelled
60,1327,765,2026-01-30,2399.87,Delivered
61,1134,1792,2026-05-08,1454.41,Delivered
62,86,11,2025-09-17,1495.89,Pending
63,1101,1122,2026-03-31,2375.4,Pending
64,431,1533,2025-06-30,1892.36,Cancelled
65,705,434,2026-01-29,1119.74,Cancelled
66,1744,1050,2026-02-07,484.77,Delivered
67,453,1264,2026-05-17,2111.66,Delivered
68,235,372,2026-02-09,1726.8,Cancelled
69,1746,112,2026-03-10,2150.76,Cancelled
70,945,1321,2025-06-06,1441.71,Pending
71,1376,138,2025-12-19,739.12,Delivered
72,1487,1190,2026-04-29,1294.9,Pending
73,732,263,2026-03-06,1727.54,Delivered
74,205,584,2025-07-22,1605.86,Delivered
75,651,996,2025-06-11,1209.02,Cancelled
76,1351,627,2026-05-20,1779.63,Delivered
77,1159,1161,2026-01-11,1006.56,Pending
78,1964,878,2026-01-23,546.3,Pending
79,505,1610,2025-10-10,670.59,Cancelled
80,1313,894,2025-08-02,800.2,Pending
81,276,1392,2025-11-24,1872.49,Pending
82,948,913,2025-11-17,993.04,Pending
83,998,1130,2025-12-31,405.76,Cancelled
84,1243,168,2025-06-04,2128.21,Delivered
85,1826,1104,2026-02-21,611.62,Cancelled
86,1816,1284,2025-10-27,329.69,Delivered
87,1828,39,2025-08-06,2146.53,Cancelled
88,64,1665,2025-08-31,1517.44,Pending
89,1576,1209,2026-05-13,649.99,Delivered
90,1130,534,2025-12-09,1427.15,Cancelled
91,967,1340,2025-10-01,1971.71,Pending
92,804,458,2025-07-14,2244.88,Cancelled
93,1502,1756,2026-01-21,833.85,Pending
94,1027,1046,2025-05-24,362.8,Pending
95,1029,22,2026-02-04,1707.29,Cancelled
96,1402,340,2025-12-13,1929.43,Delivered
97,914,327,2026-04-06,570.99,Cancelled
98,1351,1787,2025-10-04,2424.18,Cancelled
99,1500,991,2025-11-20,2357.06,Delivered
100,449,1560,2025-08-20,1295.96,Delivered
101,542,757,2025-11-12,699.94,Cancelled
102,424,1061,2026-02-03,2283.16,Pending
103,795,962,2025-12-16,2307.07,Delivered
104,82,1329,2026-02-22,911.57,Cancelled
105,1984,1068,2026-01-08,1638.88,Pending
106,1710,1520,2025-06-04,768.79,Cancelled
107,1168,357,2026-05-19,1035.15,Pending
108,749,1204,2025-05-29,1685.34,Delivered
109,1059,516,2025-10-14,1034.37,Delivered
110,1058,832,2025-09-23,979.31,Pending
111,998,1624,2026-01-16,1282.96,Cancelled
112,14,1028,2025-09-19,2222.78,Pending
113,340,472,2026-02-25,331.16,Cancelled
114,576,434,2025-08-29,503.06,Delivered
115,742,1233,2026-03-30,1835.66,Delivered
116,1354,472,2025-08-18,1124.34,Pending
117,1476,233,2025-10-13,1281.56,Pending
118,982,432,2026-03-20,1538.36,Cancelled
119,1707,842,2026-05-09,202.75,Delivered
120,262,1175,2025-08-23,1542.02,Delivered
121,1290,1050,2025-09-27,242.1,Cancelled
122,301,115,2025-07-11,540.9,Delivered
123,1059,1963,2026-05-07,1102.82,Cancelled
124,1306,39,2026-05-17,2214.5,Cancelled
125,1356,1683,2026-03-01,816.12,Delivered
126,444,920,2026-04-14,1575.34,Pending
127,1777,987,2026-02-18,550.83,Pending
128,1231,293,2026-05-03,2017.35,Delivered
129,1277,1351,2025-11-16,1350.39,Delivered
130,1484,1405,2026-02-22,955.28,Pending
131,1222,1210,2025-10-29,311.78,Pending
132,790,271,2025-07-26,405.14,Delivered
133,1071,1761,2025-12-12,2286.95,Cancelled
134,860,1693,2025-11-28,501.47,Delivered
135,364,975,2026-04-12,2268.78,Cancelled
136,80,1798,2025-09-19,1992.09,Cancelled
137,1541,241,2026-02-17,369.0,Cancelled
138,267,1848,2026-05-06,1568.17,Delivered
139,1837,1921,2025-11-16,1970.95,Cancelled
140,884,1070,2025-07-27,1138.61,Delivered
141,1429,1086,2025-10-05,1158.05,Pending
142,1618,1575,2025-06-15,1045.91,Cancelled
143,1648,1519,2025-11-02,2283.47,Cancelled
144,1180,201,2025-06-06,1149.9,Pending
145,978,1569,2025-11-02,696.41,Delivered
146,581,1226,2025-06-10,2210.4,Pending
147,528,388,2025-08-07,162.85,Cancelled
148,1617,15,2025-11-05,1508.27,Delivered
149,1065,15,2025-07-22,1031.32,Delivered
150,1409,1648,2025-10-05,892.37,Pending
151,219,317,2025-11-19,1151.27,Cancelled
152,520,536,2026-02-01,2159.2,Pending
153,1157,749,2026-01-19,1587.92,Cancelled
154,814,1547,2025-10-06,628.68,Cancelled
155,1606,1142,2026-04-16,1283.8,Pending
156,1146,1137,2026-03-16,1286.84,Pending
157,1184,706,2025-09-17,1969.36,Pending
158,1507,283,2026-02-01,2159.25,Cancelled
159,244,1532,2026-05-11,689.96,Cancelled
160,1945,332,2025-05-26,385.65,Cancelled
161,821,1610,2025-06-13,945.33,Cancelled
162,1258,1428,2025-06-26,1758.73,Delivered
163,330,797,2025-12-17,2416.74,Delivered
164,1648,187,2025-11-14,2084.65,Pending
165,1897,1230,2026-05-16,1173.14,Delivered
166,539,455,2025-10-25,1021.46,Cancelled
167,78,1484,2025-08-25,1053.17,Pending
168,1258,1344,2025-11-08,1374.36,Cancelled
169,1974,1224,2025-09-11,285.04,Delivered
170,1312,1013,2025-05-22,1181.58,Delivered
171,1742,1346,2026-04-22,2337.28,Cancelled
172,586,399,2025-11-28,228.98,Cancelled
173,1046,1057,2026-05-16,1791.36,Cancelled
174,348,1381,2026-03-16,234.74,Delivered
175,1342,1,2026-03-23,2442.77,Delivered
176,566,1597,2025-11-28,1088.67,Cancelled
177,810,831,2025-11-26,1527.29,Cancelled
178,32,1510,2026-03-09,1803.51,Delivered
179,1126,583,2025-11-19,1856.43,Cancelled
180,1874,1194,2025-06-07,968.02,Pending
181,464,1242,2025-10-12,2413.18,Pending
182,1905,828,2026-03-25,1501.03,Pending
183,359,834,2026-05-10,1339.66,Cancelled
184,149,1031,2025-07-15,841.49,Delivered
185,1645,1052,2025-12-29,2398.27,Cancelled
186,1666,1625,2025-12-16,1501.0,Cancelled
187,907,1979,2025-07-02,1036.14,Pending
188,1577,499,2026-02-05,1930.06,Pending
189,1396,944,2025-09-24,2256.83,Delivered
190,988,239,2026-02-03,755.88,Pending
191,1298,1616,2025-09-24,2486.37,Cancelled
192,1437,471,2026-04-27,2030.38,Pending
193,1957,724,2025-07-30,1363.78,Delivered
194,1436,1705,2025-07-02,768.87,Pending
195,191,818,2026-01-24,1733.19,Pending
196,156,1136,2025-06-03,2338.78,Pending
197,643,725,2026-01-22,663.63,Cancelled
198,552,375,2025-06-18,2375.73,Cancelled
199,1906,1864,2025-11-23,596.89,Cancelled
200,409,481,2025-07-07,1878.26,Pending
201,424,470,2025-09-26,626.5,Delivered
202,1713,1267,2026-02-14,986.66,Delivered
203,246,1885,2025-12-11,334.45,Cancelled
204,1009,1258,2026-04-01,165.57,Cancelled
205,1962,87,2026-03-22,2142.82,Pending
206,1272,646,2026-02-19,1307.0,Cancelled
207,1780,563,2025-10-24,1303.39,Cancelled
208,574,815,2025-07-14,671.92,Cancelled
209,263,111,2026-03-30,1385.48,Pending
210,980,1925,2025-08-15,1420.8,Cancelled
211,712,807,2026-05-10,2171.94,Delivered
212,937,2000,2025-10-03,432.87,Cancelled
213,943,647,2025-12-17,1769.64,Delivered
214,1381,432,2025-10-25,1041.66,Delivered
215,667,741,2025-08-03,1590.03,Pending
216,384,1124,2025-11-29,767.7,Pending
217,966,1964,2025-05-28,1590.75,Pending
218,377,1022,2026-04-01,1146.27,Pending
219,1436,1541,2025-09-12,1024.93,Pending
220,573,924,2025-12-01,572.74,Delivered
221,1180,1405,2025-08-20,687.13,Delivered
222,1477,553,2026-02-15,2039.61,Cancelled
223,886,1754,2025-12-27,1045.08,Delivered
224,1639,1965,2025-12-02,1885.57,Pending
225,1651,20,2026-05-12,565.03,Pending
226,276,1830,2025-08-14,2146.07,Cancelled
227,1094,1476,2025-08-06,891.96,Pending
228,615,514,2026-03-20,1471.03,Cancelled
229,98,816,2025-05-23,382.59,Delivered
230,123,442,2026-03-18,2062.47,Pending
231,1719,1290,2025-06-27,376.31,Cancelled
232,686,533,2026-02-26,998.26,Cancelled
233,1142,1909,2025-10-09,2053.54,Pending
234,41,844,2026-01-04,434.91,Cancelled
235,1973,1241,2025-07-24,617.55,Cancelled
236,1331,1330,2025-06-25,1415.33,Pending
237,728,666,2026-01-14,1732.0,Pending
238,1587,1509,2026-03-17,1200.29,Delivered
239,781,1257,2025-10-02,823.33,Cancelled
240,1960,297,2025-06-12,2190.41,Cancelled
241,1655,1902,2026-03-02,942.86,Cancelled
242,1255,1171,2026-02-25,1101.22,Delivered
243,163,332,2026-02-10,957.52,Pending
244,649,1338,2025-09-09,834.69,Pending
245,1240,1321,2026-02-17,1079.32,Pending
246,1600,1768,2025-06-29,2356.11,Cancelled
247,1203,1067,2026-03-21,2418.99,Pending
248,343,377,2025-10-21,2157.4,Delivered
249,1491,481,2025-11-07,1705.75,Cancelled
250,1436,1536,2026-04-02,338.15,Delivered
251,814,211,2025-08-14,374.55,Pending
252,1124,111,2025-07-24,211.96,Pending
253,1074,1567,2025-07-06,2490.63,Delivered
254,538,1266,2026-03-31,514.89,Cancelled
255,1908,1814,2026-05-08,1066.14,Delivered
256,507,1511,2026-02-28,817.81,Cancelled
257,259,269,2026-05-18,1387.84,Delivered
258,59,72,2025-11-12,1709.34,Pending
259,1770,976,2026-02-23,1247.9,Cancelled
260,1915,558,2026-01-20,1439.08,Delivered
261,1986,1943,2026-01-22,1789.41,Delivered
262,1211,1224,2026-05-17,1222.88,Cancelled
263,1303,1797,2025-06-18,1475.36,Cancelled
264,1311,1310,2026-02-08,1404.39,Pending
265,987,1106,2025-05-29,683.75,Delivered
266,905,631,2025-05-20,1009.59,Pending
267,319,622,2026-02-05,174.81,Cancelled
268,1670,1553,2025-06-14,2142.67,Pending
269,588,961,2025-10-01,1407.48,Cancelled
270,1889,1008,2026-01-10,2375.35,Pending
271,614,19,2026-03-13,1949.79,Pending
272,1223,474,2026-01-14,2022.4,Cancelled
273,766,387,2026-05-03,1117.58,Cancelled
274,896,809,2025-06-17,737.26,Cancelled
275,1510,1323,2025-06-17,1065.85,Pending
276,452,539,2025-07-21,336.14,Cancelled
277,491,1059,2025-10-13,1946.66,Cancelled
278,1654,1422,2025-09-05,1758.9,Pending
279,1329,1522,2025-08-13,1400.07,Pending
280,846,386,2025-12-11,2155.68,Delivered
281,280,594,2026-02-19,409.34,Pending
282,1266,928,2025-07-04,789.52,Cancelled
283,1008,385,2025-12-14,903.51,Delivered
284,102,1986,2026-02-09,1407.18,Delivered
285,1992,210,2026-04-10,812.97,Delivered
286,1465,898,2026-02-05,1858.7,Delivered
287,185,309,2026-03-03,184.6,Delivered
288,701,861,2025-12-02,882.21,Pending
289,761,950,2025-09-05,1787.8,Delivered
290,677,165,2026-05-08,2132.33,Delivered
291,115,546,2025-06-21,1972.78,Delivered
292,1113,963,2025-09-03,576.77,Pending
293,1674,782,2026-01-04,2096.39,Delivered
294,1996,1574,2025-08-19,1829.5,Pending
295,1580,1997,2025-09-27,1190.96,Cancelled
296,69,408,2025-05-22,1232.96,Delivered
297,1068,1364,2025-06-23,2457.97,Pending
298,797,1396,2025-11-07,2408.85,Pending
299,325,1289,2026-02-25,1861.36,Cancelled
300,1920,1126,2026-04-04,1374.18,Pending
301,986,1308,2026-01-06,852.21,Pending
302,1818,107,2025-09-24,2179.6,Delivered
303,1994,232,2026-01-08,704.52,Pending
304,665,31,2025-11-10,543.3,Pending
305,1198,246,2026-01-31,1080.15,Delivered
306,19,1985,2025-10-22,248.68,Cancelled
307,974,1410,2025-10-30,1551.1,Pending
308,1579,184,2025-11-06,734.5,Pending
309,188,1405,2025-11-01,1603.82,Cancelled
310,123,123,2026-05-08,985.47,Delivered
311,1437,1099,2025-08-16,2009.95,Delivered
312,1000,477,2025-10-30,894.34,Cancelled
313,1615,1321,2025-09-18,1928.24,Pending
314,1502,396,2026-04-23,200.18,Pending
315,734,1484,2025-09-05,466.62,Delivered
316,994,1448,2025-10-11,1178.13,Pending
317,1112,1428,2026-01-14,1301.72,Cancelled
318,383,1114,2025-09-08,967.01,Cancelled
319,960,564,2025-12-01,2189.01,Cancelled
320,1873,1763,2026-02-12,1453.12,Delivered
321,1088,318,2025-07-16,1206.05,Pending
322,1110,752,2026-03-30,1217.09,Cancelled
323,1037,777,2026-05-01,1874.1,Delivered
324,1270,1755,2026-02-18,1005.58,Cancelled
325,490,657,2026-01-24,1844.36,Cancelled
326,1981,1104,2025-11-19,2074.77,Delivered
327,1074,1400,2025-10-03,1319.24,Cancelled
328,316,1256,2026-02-08,815.35,Pending
329,1313,660,2026-03-13,409.59,Cancelled
330,1350,137,2025-05-23,252.88,Delivered
331,366,1789,2025-09-26,223.49,Delivered
332,995,393,2025-11-11,382.07,Cancelled
333,1315,1713,2026-03-22,1063.21,Pending
334,1077,1278,2025-11-28,1798.09,Pending
335,101,751,2026-05-20,668.7,Cancelled
336,146,27,2026-03-13,2336.0,Delivered
337,1343,1007,2025-05-22,2331.75,Delivered
338,959,1641,2025-09-20,1651.45,Pending
339,1143,1523,2025-06-20,2354.87,Pending
340,1684,756,2025-06-03,2016.49,Delivered
341,1687,1264,2025-11-11,774.67,Delivered
342,1504,145,2026-01-16,2110.97,Delivered
343,1935,443,2026-03-06,2407.38,Delivered
344,208,1486,2025-07-21,692.89,Pending
345,389,396,2026-03-20,1386.55,Delivered
346,1168,1281,2025-10-08,2376.63,Cancelled
347,1535,1144,2025-05-28,1125.68,Delivered
348,1570,1308,2026-05-11,1504.92,Cancelled
349,940,1439,2025-12-01,1713.32,Delivered
350,342,1623,2025-09-20,573.93,Pending
351,1034,692,2025-07-13,1695.2,Cancelled
352,1229,908,2025-10-18,2343.77,Pending
353,1127,665,2025-11-02,2135.41,Pending
354,1566,1297,2025-07-15,1161.88,Cancelled
355,663,1247,2026-05-02,715.7,Cancelled
356,439,769,2025-08-09,1949.41,Cancelled
357,521,738,2025-07-20,2409.88,Pending
358,1966,814,2026-04-03,150.46,Delivered
359,583,1221,2025-10-15,188.31,Delivered
360,1824,619,2026-05-19,165.44,Delivered
361,440,1753,2025-12-24,890.03,Cancelled
362,1685,566,2025-06-14,2309.91,Cancelled
363,1140,1169,2025-10-06,2325.92,Delivered
364,194,78,2026-02-28,1231.87,Delivered
365,284,543,2025-09-19,1012.64,Cancelled
366,512,478,2025-12-06,752.17,Pending
367,189,1169,2025-11-28,1089.53,Delivered
368,1504,159,2025-11-07,1850.41,Pending
369,355,1000,2026-03-14,2090.41,Cancelled
370,1440,1181,2026-05-15,2075.86,Delivered
371,1220,1316,2025-08-14,855.92,Cancelled
372,1656,1181,2026-04-24,1046.63,Delivered
373,1888,1579,2025-12-28,935.82,Pending
374,854,1906,2026-04-18,2189.4,Delivered
375,1532,1337,2025-06-29,2146.27,Delivered
376,1299,1593,2026-02-17,1635.66,Delivered
377,625,1074,2025-08-15,246.78,Cancelled
378,1157,307,2025-07-17,918.05,Cancelled
379,453,314,2026-01-18,268.72,Cancelled
380,805,1989,2025-09-12,1197.2,Cancelled
381,1179,1034,2026-03-05,361.69,Pending
382,594,1611,2025-06-17,1076.66,Delivered
383,689,170,2026-02-27,1268.26,Cancelled
384,101,1123,2025-10-18,1088.1,Delivered
385,817,1028,2026-04-30,1171.05,Cancelled
386,268,1561,2026-01-25,466.95,Cancelled
387,406,1000,2026-03-14,1079.0,Cancelled
388,402,1150,2026-02-11,1597.59,Cancelled
389,1074,505,2025-10-07,719.44,Pending
390,1591,881,2026-05-14,910.02,Cancelled
391,184,231,2025-12-19,1728.61,Pending
392,749,714,2025-12-01,597.65,Pending
393,1217,1343,2025-06-02,206.89,Pending
394,347,717,2025-10-08,1598.12,Pending
395,1277,299,2025-07-30,1185.09,Delivered
396,409,1404,2025-09-21,1028.48,Cancelled
397,1747,176,2026-03-14,414.07,Delivered
398,498,1944,2025-08-21,1609.36,Delivered
399,1780,1705,2026-05-15,2077.31,Delivered
400,704,1421,2026-05-05,2040.06,Pending
401,922,965,2025-09-15,203.46,Delivered
402,1516,1102,2025-09-17,647.91,Cancelled
403,1072,1537,2025-07-28,757.85,Pending
404,1276,1495,2026-04-03,2481.91,Cancelled
405,1432,1369,2025-11-18,193.21,Cancelled
406,1856,1359,2026-04-12,1387.98,Pending
407,349,124,2026-02-25,817.43,Cancelled
408,1266,556,2025-06-15,274.75,Cancelled
409,1936,18,2025-06-21,306.5,Cancelled
410,556,1358,2025-07-23,2152.39,Cancelled
411,738,1771,2025-08-26,403.54,Pending
412,1777,1810,2025-08-10,1676.12,Delivered
413,780,1042,2026-05-20,2445.04,Delivered
414,1852,647,2025-12-08,1288.96,Cancelled
415,1089,181,2025-12-26,588.08,Cancelled
416,1980,938,2025-08-17,1467.62,Cancelled
417,45,82,2025-07-22,731.37,Cancelled
418,625,684,2025-12-14,1301.34,Cancelled
419,322,38,2026-04-17,964.93,Pending
420,728,1281,2025-07-29,860.47,Cancelled
421,565,1663,2025-07-24,295.72,Pending
422,1800,793,2025-09-11,2242.44,Delivered
423,1934,1137,2025-09-18,2380.42,Delivered
424,311,700,2026-02-19,2258.36,Cancelled
425,282,180,2026-01-10,1865.24,Cancelled
426,1968,1389,2025-05-20,1589.25,Cancelled
427,1406,466,2025-09-29,1130.73,Cancelled
428,313,874,2025-05-23,2430.76,Cancelled
429,675,920,2026-02-25,1424.25,Delivered
430,1337,284,2025-10-13,1515.42,Cancelled
431,1639,415,2025-12-29,2177.08,Pending
432,1411,1445,2025-08-22,2261.81,Delivered
433,881,1862,2026-01-25,2443.08,Delivered
434,1344,1911,2025-12-01,1477.38,Delivered
435,651,139,2026-03-13,1459.75,Cancelled
436,243,378,2025-06-25,896.35,Delivered
437,1490,61,2025-08-30,1948.77,Pending
438,1969,843,2026-03-05,862.87,Cancelled
439,1913,1683,2026-05-07,2251.21,Cancelled
440,561,312,2026-04-15,1980.9,Delivered
441,270,379,2026-01-20,211.57,Cancelled
442,1264,547,2026-04-12,1573.17,Cancelled
443,473,1222,2025-08-23,695.63,Cancelled
444,54,736,2025-10-05,336.77,Pending
445,275,1029,2025-11-25,2138.42,Pending
446,1459,1331,2026-03-21,1028.8,Pending
447,1007,971,2025-10-28,473.15,Delivered
448,464,67,2025-06-25,1110.18,Delivered
449,1896,553,2026-03-22,2382.97,Delivered
450,1521,1375,2025-09-25,2472.37,Delivered
451,136,363,2026-03-24,2328.69,Pending
452,1776,1264,2026-04-06,1301.37,Pending
453,1776,938,2026-04-01,2235.83,Pending
454,830,1590,2025-05-31,248.29,Cancelled
455,1689,780,2026-04-14,1842.47,Pending
456,1253,1924,2025-09-27,1894.8,Cancelled
457,1099,1076,2025-06-29,1657.28,Cancelled
458,1612,79,2025-06-29,1373.53,Pending
459,936,1694,2025-12-29,2212.75,Delivered
460,1063,1102,2026-03-31,1079.69,Cancelled
461,81,1143,2026-05-17,1060.38,Cancelled
462,1972,101,2025-08-03,596.15,Pending
463,816,1812,2025-07-28,865.7,Pending
464,945,341,2025-07-09,1142.79,Cancelled
465,1883,112,2025-12-06,1771.39,Delivered
466,950,1700,2025-10-10,1668.34,Delivered
467,1480,1026,2025-08-10,415.95,Cancelled
468,1921,1832,2026-02-10,1785.87,Delivered
469,806,847,2025-12-07,910.13,Delivered
470,367,930,2025-05-31,1537.24,Cancelled
471,1835,414,2025-07-05,2223.99,Delivered
472,513,664,2026-04-09,1775.54,Cancelled
473,1632,336,2025-06-25,1838.18,Delivered
474,187,234,2026-03-08,1809.63,Cancelled
475,744,175,2025-10-13,1380.97,Pending
476,1489,1621,2025-11-16,2441.7,Cancelled
477,1946,328,2025-08-21,1039.89,Pending
478,90,1574,2025-06-05,551.58,Pending
479,1159,1785,2026-03-02,1699.9,Delivered
480,333,1780,2025-09-21,489.83,Cancelled
481,106,860,2025-09-16,873.95,Cancelled
482,1575,1969,2026-05-18,1198.71,Cancelled
483,371,241,2026-03-26,2261.57,Delivered
484,8,1276,2025-08-29,1948.68,Delivered
485,940,1020,2025-06-16,2160.22,Cancelled
486,1654,12,2026-02-24,1578.76,Pending
487,488,445,2025-09-24,1533.83,Pending
488,930,840,2026-01-30,1188.41,Cancelled
489,1230,14,2025-12-03,725.08,Cancelled
490,570,1270,2025-07-28,1627.29,Delivered
491,101,379,2025-05-29,498.4,Cancelled
492,715,76,2025-09-17,491.63,Delivered
493,1367,1184,2025-09-11,2119.33,Pending
494,679,1885,2025-06-01,356.1,Delivered
495,854,366,2025-11-07,529.14,Pending
496,1252,1354,2026-01-02,1775.06,Cancelled
497,1173,1613,2026-02-14,1471.12,Pending
498,1535,1186,2025-07-24,996.44,Delivered
499,191,1574,2025-11-27,853.34,Pending
500,1839,777,2025-07-30,2077.62,Pending
501,1728,1128,2025-06-21,302.58,Pending
502,276,250,2025-09-25,1782.36,Pending
503,675,1080,2025-07-28,1122.33,Delivered
504,1426,429,2026-01-16,1588.33,Delivered
505,1171,1495,2026-01-09,2451.47,Cancelled
506,180,991,2026-04-11,1851.57,Cancelled
507,1913,1615,2025-11-20,2467.75,Pending
508,875,1247,2025-10-25,2142.33,Pending
509,1077,1178,2025-06-13,2488.31,Pending
510,1899,266,2026-05-02,1593.58,Pending
511,1065,1494,2026-02-18,1634.87,Pending
512,1655,369,2025-05-27,2226.61,Delivered
513,1452,595,2026-05-17,2451.26,Delivered
514,243,50,2025-08-27,1242.48,Delivered
515,1511,1737,2025-09-13,637.23,Cancelled
516,850,848,2026-05-08,256.91,Pending
517,1148,1651,2025-07-12,1648.13,Delivered
518,1312,413,2026-05-07,1771.54,Pending
519,1619,139,2025-08-13,873.27,Cancelled
520,1127,664,2025-11-30,1952.53,Delivered
521,1405,683,2026-02-25,952.2,Cancelled
522,1166,1262,2026-01-08,2406.27,Delivered
523,398,677,2025-10-17,2109.49,Cancelled
524,982,1877,2026-01-31,1265.08,Delivered
525,1323,279,2025-06-21,1281.51,Cancelled
526,944,1827,2025-06-23,2183.28,Pending
527,948,1606,2025-06-09,2063.29,Cancelled
528,115,1711,2025-10-28,1374.52,Cancelled
529,1485,1389,2025-12-12,891.43,Cancelled
530,39,427,2025-12-15,1506.88,Pending
531,1638,1877,2025-11-07,2236.87,Pending
532,136,1986,2025-11-14,500.87,Delivered
533,695,769,2025-07-28,1622.3,Delivered
534,1170,1241,2025-09-03,1065.48,Cancelled
535,240,1771,2025-08-27,1988.51,Pending
536,1445,1757,2025-07-09,889.07,Delivered
537,557,848,2025-12-23,353.97,Delivered
538,762,926,2025-11-21,2099.23,Pending
539,443,1076,2026-05-16,860.45,Delivered
540,767,1608,2025-11-05,237.88,Delivered
541,1871,190,2026-01-08,1192.87,Delivered
542,1637,989,2025-12-04,2276.65,Delivered
543,390,697,2025-12-08,2320.55,Cancelled
544,1790,1073,2025-07-23,879.34,Pending
545,294,1576,2026-03-03,2198.73,Cancelled
546,1386,272,2026-05-16,632.19,Delivered
547,941,794,2026-01-03,1827.14,Cancelled
548,238,9,2025-08-15,880.81,Delivered
549,1408,1737,2025-05-28,1546.58,Delivered
550,683,957,2026-01-06,2239.59,Delivered
551,1067,1570,2026-02-11,1698.61,Pending
552,47,1183,2025-06-21,1932.46,Cancelled
553,1828,430,2025-07-11,904.07,Delivered
554,587,567,2025-06-11,1400.85,Pending
555,1375,241,2026-04-04,790.74,Delivered
556,561,235,2025-09-07,185.85,Cancelled
557,1147,1053,2026-02-27,390.58,Cancelled
558,718,1126,2026-03-19,898.44,Delivered
559,1932,1443,2025-11-16,2039.41,Cancelled
560,502,351,2025-07-13,317.42,Cancelled
561,1828,694,2026-03-09,1420.36,Delivered
562,267,60,2025-05-31,1256.23,Cancelled
563,104,217,2025-06-14,1051.46,Delivered
564,874,803,2025-11-30,570.61,Cancelled
565,1826,1214,2026-02-10,1629.26,Cancelled
566,1433,914,2026-02-24,1598.34,Pending
567,681,1675,2026-01-27,615.65,Cancelled
568,1658,1093,2026-02-04,334.58,Pending
569,1163,270,2025-07-03,368.35,Cancelled
570,960,200,2026-04-29,1220.62,Cancelled
571,1320,1455,2025-09-13,1951.26,Pending
572,475,1941,2025-05-30,675.92,Cancelled
573,529,1870,2025-09-05,1004.11,Delivered
574,1433,1879,2026-01-25,1713.17,Pending
575,929,999,2025-07-08,221.12,Pending
576,232,720,2026-03-11,1274.83,Delivered
577,579,1573,2025-08-06,969.25,Cancelled
578,261,1041,2025-06-19,391.89,Cancelled
579,1632,220,2025-12-12,915.79,Cancelled
580,146,1623,2026-02-16,859.98,Pending
581,821,1210,2025-06-28,1121.59,Cancelled
582,500,1123,2025-12-01,523.7,Pending
583,787,136,2025-11-29,950.68,Cancelled
584,1211,883,2025-11-16,1993.14,Pending
585,1162,1613,2025-11-28,954.17,Cancelled
586,484,355,2026-01-04,1707.14,Delivered
587,1515,1907,2026-01-17,1822.99,Pending
588,235,1213,2025-09-21,1550.78,Pending
589,1137,200,2026-01-05,2081.75,Delivered
590,631,1958,2025-09-10,1103.62,Cancelled
591,223,1404,2025-06-14,2063.06,Pending
592,671,1013,2026-03-14,1665.72,Delivered
593,186,446,2026-05-11,2070.03,Cancelled
594,1850,1547,2025-06-27,1644.91,Delivered
595,1551,301,2025-10-28,1703.07,Pending
596,1089,597,2025-07-01,1066.46,Cancelled
597,916,401,2026-04-13,633.3,Pending
598,614,1168,2026-05-17,2016.71,Cancelled
599,624,1882,2026-03-21,2366.83,Pending
600,1471,1875,2026-05-02,959.02,Delivered
601,1194,17,2026-01-29,1587.0,Cancelled
602,828,1736,2026-02-10,449.76,Pending
603,128,757,2025-11-16,2267.53,Delivered
604,2,1441,2025-09-20,1466.07,Pending
605,225,1764,2025-10-30,813.19,Delivered
606,482,885,2025-10-18,1800.22,Pending
607,1281,652,2026-05-09,1822.67,Pending
608,782,892,2025-08-22,1431.03,Cancelled
609,356,973,2025-12-16,476.81,Cancelled
610,788,1728,2025-12-14,2322.53,Pending
611,316,591,2025-06-01,2494.02,Cancelled
612,258,276,2026-05-17,177.27,Cancelled
613,33,295,2025-11-14,1845.15,Pending
614,1348,895,2025-09-25,2441.19,Delivered
615,174,282,2025-10-05,1659.27,Pending
616,1762,934,2026-05-13,2249.92,Cancelled
617,1238,1906,2025-09-23,1150.4,Delivered
618,931,1044,2026-01-18,1146.69,Pending
619,788,728,2026-03-11,680.49,Pending
620,1239,16,2025-05-20,1508.16,Cancelled
621,485,1459,2026-01-13,1329.06,Pending
622,1898,1119,2025-12-21,1504.43,Delivered
623,78,1164,2026-04-13,1285.68,Pending
624,232,1189,2025-09-22,1281.6,Cancelled
625,164,291,2025-09-10,1865.94,Cancelled
626,1760,1538,2026-04-13,1980.34,Pending
627,1059,161,2026-05-13,1379.89,Cancelled
628,182,503,2026-02-20,1260.26,Cancelled
629,1360,1967,2025-08-01,1721.49,Cancelled
630,1298,1105,2025-05-24,2025.53,Pending
631,1256,109,2025-07-21,2273.43,Cancelled
632,1595,23,2026-02-22,1251.84,Cancelled
633,1856,961,2026-05-12,1498.82,Pending
634,863,723,2026-04-07,2407.37,Pending
635,593,344,2025-11-17,233.02,Cancelled
636,1535,623,2026-01-28,1858.38,Cancelled
637,534,126,2025-11-15,1628.86,Cancelled
638,347,1174,2026-03-03,271.31,Pending
639,1657,1511,2025-06-06,1617.14,Pending
640,993,169,2026-01-30,448.03,Delivered
641,1744,1606,2025-08-09,802.94,Delivered
642,1262,576,2025-08-29,796.76,Pending
643,30,1519,2026-02-05,412.14,Delivered
644,1864,1212,2026-03-09,1886.57,Cancelled
645,915,758,2025-08-20,2048.43,Pending
646,1603,1436,2025-05-24,705.06,Delivered
647,1638,1081,2025-07-16,2175.73,Pending
648,173,1982,2026-02-08,490.92,Delivered
649,1716,1016,2025-07-23,1918.99,Pending
650,1578,785,2026-02-01,709.18,Pending
651,1487,1306,2026-03-23,543.12,Cancelled
652,1504,1725,2025-09-26,960.93,Cancelled
653,542,1548,2025-07-08,2075.9,Delivered
654,344,951,2025-09-18,1087.05,Pending
655,976,1529,2025-08-31,2378.39,Cancelled
656,479,778,2025-12-26,1756.25,Pending
657,972,538,2026-02-05,491.1,Pending
658,25,592,2025-12-26,2328.97,Pending
659,783,1390,2025-12-15,891.87,Cancelled
660,1399,1958,2025-11-15,246.39,Cancelled
661,1306,725,2025-07-10,2397.03,Pending
662,1251,1881,2025-06-01,1682.35,Pending
663,687,554,2025-11-10,777.66,Delivered
664,523,1341,2026-02-10,1522.82,Pending
665,1584,1383,2025-05-29,1910.36,Cancelled
666,1377,1206,2026-01-07,1960.67,Cancelled
667,692,1388,2025-11-08,1772.15,Delivered
668,642,1122,2026-01-18,174.86,Delivered
669,1704,140,2026-04-09,178.11,Delivered
670,1076,213,2025-11-10,1760.92,Pending
671,450,1486,2025-10-05,815.75,Delivered
672,70,49,2026-02-27,1605.58,Delivered
673,1923,1217,2026-04-01,1693.02,Delivered
674,1947,1228,2026-05-02,1649.49,Cancelled
675,1962,246,2026-01-20,353.01,Cancelled
676,267,770,2025-12-27,1692.53,Cancelled
677,1160,1645,2026-03-20,2422.84,Delivered
678,1425,378,2026-01-09,745.34,Pending
679,1353,1918,2025-07-04,327.93,Pending
680,1890,567,2025-07-16,1957.99,Cancelled
681,1851,1368,2026-01-16,1959.22,Pending
682,528,332,2026-01-17,1984.72,Pending
683,1592,128,2025-07-22,1049.58,Pending
684,124,529,2025-09-01,2395.67,Pending
685,365,903,2026-03-20,313.09,Delivered
686,1250,805,2025-12-08,569.34,Pending
687,223,295,2026-02-14,1420.49,Pending
688,448,1258,2025-06-13,1661.84,Pending
689,1466,531,2025-11-09,392.72,Delivered
690,145,1171,2025-11-12,1859.73,Pending
691,39,1837,2025-10-06,1319.6,Cancelled
692,1312,2,2025-07-13,2342.3,Cancelled
693,800,546,2026-01-30,506.28,Pending
694,1853,802,2025-12-31,1500.4,Cancelled
695,1450,1925,2026-03-24,1961.83,Pending
696,894,828,2026-04-27,2133.52,Delivered
697,1107,463,2026-01-31,157.77,Cancelled
698,1676,1598,2025-08-12,1282.86,Cancelled
699,1097,1915,2026-01-03,2480.26,Pending
700,1397,621,2026-03-12,1091.44,Cancelled
701,1964,1326,2026-04-12,363.07,Cancelled
702,1748,1968,2025-10-23,949.15,Pending
703,1558,1570,2025-10-09,831.4,Delivered
704,362,1136,2025-07-05,242.43,Pending
705,1354,392,2026-02-14,852.35,Pending
706,1836,219,2025-06-08,1631.95,Pending
707,997,174,2026-02-17,2230.25,Pending
708,1506,389,2025-10-18,478.87,Delivered
709,52,1475,2026-01-08,2491.5,Delivered
710,1002,797,2026-03-25,298.03,Cancelled
711,1318,631,2025-07-19,1324.26,Pending
712,1980,34,2025-08-20,237.05,Delivered
713,692,1614,2025-09-12,1844.38,Pending
714,243,434,2025-12-05,2046.69,Cancelled
715,1072,939,2025-07-27,2359.21,Cancelled
716,306,1518,2025-07-23,1511.46,Delivered
717,76,1507,2026-01-09,482.74,Cancelled
718,40,966,2025-08-03,2281.87,Cancelled
719,94,498,2025-08-01,1798.05,Delivered
720,30,353,2026-02-14,1636.75,Pending
721,1681,1626,2025-09-17,378.64,Cancelled
722,350,1711,2025-06-10,1538.95,Delivered
723,234,1019,2025-09-07,1548.2,Cancelled
724,452,130,2025-11-26,2040.47,Pending
725,691,1662,2025-06-19,2114.36,Cancelled
726,1390,824,2025-08-30,911.95,Cancelled
727,1180,1118,2026-04-24,472.72,Delivered
728,1566,94,2026-03-15,1543.75,Pending
729,130,248,2026-03-19,793.65,Pending
730,345,1427,2025-06-01,1019.33,Delivered
731,899,499,2025-08-14,2325.34,Delivered
732,274,205,2025-11-15,2008.97,Cancelled
733,1255,771,2026-01-09,1977.5,Delivered
734,1802,998,2026-05-11,339.7,Delivered
735,368,1897,2025-10-14,359.48,Cancelled
736,1216,1817,2026-05-01,816.77,Cancelled
737,1654,1623,2026-05-19,1965.52,Cancelled
738,260,423,2026-03-26,486.26,Pending
739,1072,923,2025-08-09,1118.27,Delivered
740,1251,1417,2025-12-13,238.41,Delivered
741,1469,1024,2025-08-26,1588.32,Delivered
742,1285,1693,2025-11-06,1989.07,Pending
743,858,10,2025-05-28,1460.62,Delivered
744,241,1086,2026-05-07,2445.46,Cancelled
745,742,1767,2026-05-07,1938.65,Cancelled
746,1040,450,2025-11-10,1240.91,Cancelled
747,1351,427,2025-05-27,799.6,Delivered
748,231,1632,2025-06-08,500.66,Pending
749,1019,362,2026-02-13,525.44,Delivered
750,111,1321,2025-12-23,1005.85,Delivered
751,891,515,2025-07-21,935.59,Pending
752,89,214,2025-10-24,1889.98,Cancelled
753,361,324,2026-03-26,1995.91,Pending
754,1055,238,2026-03-25,316.52,Delivered
755,1478,911,2025-12-22,1542.86,Pending
756,859,408,2026-01-12,1905.65,Pending
757,472,1596,2026-02-15,408.81,Delivered
758,201,486,2025-10-21,1883.71,Delivered
759,770,1826,2026-03-06,668.56,Pending
760,1199,993,2026-01-28,277.7,Pending
761,297,443,2025-12-20,2330.53,Pending
762,365,794,2025-06-15,1027.69,Pending
763,1475,398,2026-03-08,1635.25,Pending
764,415,688,2026-01-18,448.95,Cancelled
765,1165,123,2025-08-28,809.42,Delivered
766,1745,954,2025-09-18,1227.66,Delivered
767,1558,704,2025-09-12,666.66,Pending
768,1237,322,2026-05-18,2005.44,Cancelled
769,1952,1253,2026-04-13,2278.11,Cancelled
770,1987,1133,2026-04-17,2159.26,Delivered
771,844,1756,2025-12-15,1376.16,Delivered
772,1212,970,2025-06-12,2116.92,Pending
773,30,1496,2026-04-05,1156.06,Delivered
774,508,671,2025-07-25,1170.48,Delivered
775,1827,1900,2025-08-18,1540.66,Delivered
776,1872,1175,2025-07-19,2260.89,Pending
777,91,83,2025-09-22,2479.49,Cancelled
778,1575,1033,2025-08-17,229.01,Cancelled
779,808,982,2026-03-17,2052.83,Cancelled
780,1683,201,2025-06-17,1213.24,Delivered
781,171,1144,2025-10-10,1919.73,Cancelled
782,1499,833,2025-08-05,2382.34,Delivered
783,735,606,2026-01-02,711.8,Delivered
784,33,983,2025-08-11,1722.23,Delivered
785,1441,941,2025-10-19,2166.12,Cancelled
786,1196,50,2026-05-17,2444.59,Pending
787,1581,284,2025-09-29,2204.37,Pending
788,379,1618,2025-10-05,2198.15,Cancelled
789,951,1442,2025-05-31,1638.5,Cancelled
790,145,789,2025-12-04,2249.57,Pending
791,1088,67,2025-10-18,846.99,Pending
792,1430,1938,2025-06-15,1589.38,Cancelled
793,1628,425,2026-03-27,2001.08,Delivered
794,1271,1804,2025-11-05,938.88,Delivered
795,1055,1937,2025-10-01,2288.51,Pending
796,1819,106,2025-12-19,410.77,Pending
797,954,1268,2026-01-04,246.05,Pending
798,359,1328,2026-02-28,1463.16,Delivered
799,1149,1453,2025-11-22,1967.9,Delivered
800,686,489,2025-11-27,1418.14,Cancelled
801,980,1511,2025-07-07,2357.0,Cancelled
802,1785,1965,2026-01-22,1801.68,Cancelled
803,1559,462,2025-07-29,903.09,Pending
804,1032,1394,2025-06-21,1143.88,Delivered
805,130,764,2025-07-17,961.28,Pending
806,1027,1079,2025-09-07,2099.47,Pending
807,1454,1090,2025-06-22,1744.02,Cancelled
808,1843,599,2025-10-08,1212.15,Pending
809,1639,1379,2026-03-26,2371.61,Delivered
810,386,1827,2025-12-12,2227.35,Delivered
811,165,801,2026-02-08,2260.17,Pending
812,1963,1960,2025-06-24,330.83,Delivered
813,566,230,2025-10-03,1788.14,Pending
814,309,1792,2025-07-29,630.0,Cancelled
815,47,601,2025-11-17,1128.86,Cancelled
816,1109,1909,2025-10-10,460.26,Pending
817,861,910,2025-08-28,1883.62,Delivered
818,598,388,2025-08-07,297.93,Delivered
819,1710,1941,2026-04-17,1371.11,Pending
820,844,1186,2026-04-10,955.56,Cancelled
821,1612,669,2025-08-05,1292.45,Cancelled
822,1428,1086,2026-05-01,2128.48,Pending
823,938,623,2025-11-23,1483.04,Pending
824,352,1617,2025-12-23,761.02,Pending
825,762,1989,2026-02-13,827.14,Delivered
826,304,724,2025-08-20,818.3,Delivered
827,1267,1893,2026-05-09,527.86,Cancelled
828,585,374,2026-05-02,2437.03,Cancelled
829,1419,1853,2025-09-26,1715.94,Delivered
830,331,488,2025-07-21,424.76,Pending
831,1177,260,2025-08-03,1186.09,Pending
832,378,421,2025-09-30,1471.85,Delivered
833,1364,650,2026-02-18,2448.35,Delivered
834,764,919,2025-09-15,1418.69,Delivered
835,1093,618,2025-09-14,435.5,Delivered
836,829,1907,2025-06-12,1323.63,Delivered
837,1942,939,2026-04-03,2330.36,Delivered
838,9,1987,2025-11-03,1885.46,Cancelled
839,679,1326,2025-06-24,1807.81,Pending
840,1835,594,2025-07-05,2428.57,Cancelled
841,1366,302,2025-11-29,2029.0,Cancelled
842,1858,1889,2025-07-29,1188.95,Cancelled
843,231,1499,2025-08-23,1275.61,Delivered
844,286,1389,2025-12-24,1444.76,Pending
845,51,823,2026-04-06,1601.18,Delivered
846,914,732,2026-02-08,367.33,Delivered
847,1246,1314,2026-03-18,608.6,Cancelled
848,455,1601,2025-09-02,2348.81,Pending
849,401,47,2025-09-07,346.44,Pending
850,1387,1376,2025-06-27,2400.42,Cancelled
851,808,399,2025-12-17,1302.59,Cancelled
852,1240,1048,2025-06-03,2367.0,Cancelled
853,740,815,2025-06-09,497.67,Pending
854,758,791,2025-12-12,1026.15,Pending
855,707,720,2025-08-17,874.0,Pending
856,1791,1149,2025-11-25,355.86,Cancelled
857,1819,910,2025-10-11,1892.59,Pending
858,1646,907,2025-09-30,828.29,Cancelled
859,1988,1839,2025-11-10,1146.01,Pending
860,286,1712,2025-05-27,1529.87,Delivered
861,295,426,2025-08-21,862.59,Cancelled
862,687,136,2025-08-04,2342.91,Cancelled
863,1549,770,2026-02-12,357.85,Pending
864,1309,1873,2025-10-30,792.32,Delivered
865,1139,947,2025-09-14,1819.08,Delivered
866,409,381,2026-01-28,2105.87,Pending
867,1135,1005,2025-11-01,249.25,Pending
868,1710,1199,2025-12-06,864.2,Cancelled
869,1516,950,2026-03-12,677.62,Delivered
870,316,538,2025-09-22,855.4,Cancelled
871,1709,1304,2025-11-26,1260.47,Cancelled
872,1364,1829,2025-12-16,826.07,Delivered
873,1008,1858,2025-06-05,1766.43,Delivered
874,59,245,2025-10-14,1947.09,Pending
875,1988,137,2026-01-01,1557.39,Pending
876,1191,985,2025-09-24,1479.1,Pending
877,1287,1405,2026-03-05,1268.7,Cancelled
878,1676,245,2025-10-24,1027.03,Cancelled
879,1179,36,2025-11-30,2136.41,Delivered
880,1192,120,2025-09-12,493.42,Pending
881,1799,1420,2025-11-21,468.42,Delivered
882,109,559,2025-08-28,998.73,Cancelled
883,1868,1957,2025-10-02,986.56,Pending
884,598,1085,2025-08-04,1651.52,Delivered
885,1053,397,2026-01-07,1951.14,Delivered
886,1567,194,2026-03-18,1557.09,Delivered
887,1114,661,2026-03-23,2200.24,Cancelled
888,1639,617,2026-02-15,787.93,Cancelled
889,1410,743,2025-11-02,375.21,Cancelled
890,721,1687,2026-05-19,487.74,Delivered
891,1062,577,2025-12-15,1026.58,Pending
892,844,697,2025-11-19,2314.13,Delivered
893,210,447,2026-02-28,513.2,Delivered
894,1704,386,2025-11-11,2018.5,Cancelled
895,1257,1413,2026-04-26,2103.83,Cancelled
896,1733,1090,2025-06-04,1824.49,Cancelled
897,1549,1644,2026-03-26,417.82,Pending
898,1877,157,2025-06-24,423.93,Delivered
899,1892,36,2025-11-05,1276.87,Pending
900,1416,743,2025-11-09,476.68,Pending
901,1823,1224,2025-06-14,1379.33,Pending
902,353,1454,2025-06-18,866.01,Cancelled
903,1669,243,2025-09-25,672.54,Cancelled
904,292,1410,2026-01-04,682.45,Delivered
905,430,267,2026-03-11,2455.61,Pending
906,1415,1563,2025-06-14,1992.47,Delivered
907,39,1587,2026-01-10,1288.0,Pending
908,88,403,2025-06-15,403.37,Cancelled
909,1052,1215,2025-05-22,289.27,Delivered
910,1861,519,2025-11-01,251.71,Pending
911,1368,22,2025-11-02,1923.19,Delivered
912,1885,1233,2025-07-27,632.69,Delivered
913,379,1374,2025-09-29,976.1,Delivered
914,299,1733,2025-08-05,1903.57,Pending
915,1944,1188,2025-10-14,967.42,Delivered
916,1752,1026,2026-05-03,1984.89,Cancelled
917,496,1035,2026-05-17,1490.05,Delivered
918,1679,1185,2025-08-28,1943.62,Cancelled
919,445,1466,2025-08-21,600.14,Pending
920,352,1847,2026-03-29,1921.94,Delivered
921,1994,1486,2026-03-06,381.91,Delivered
922,1886,1033,2026-01-02,2150.55,Pending
923,751,1430,2025-12-22,1535.04,Pending
924,1380,1962,2026-02-15,402.21,Pending
925,778,869,2025-11-11,653.54,Delivered
926,835,232,2025-09-04,1939.31,Pending
927,254,955,2025-11-02,409.24,Delivered
928,1016,1562,2025-08-31,998.94,Pending
929,1142,1479,2026-03-17,245.43,Pending
930,1012,237,2025-09-14,1054.24,Pending
931,1230,1508,2026-05-01,883.22,Pending
932,463,1135,2026-03-05,1107.11,Pending
933,387,1755,2026-03-03,313.58,Pending
934,1924,1391,2025-05-31,1013.49,Delivered
935,1381,1007,2025-12-24,1729.42,Pending
936,898,1071,2025-09-02,1697.59,Delivered
937,245,294,2025-06-26,1077.81,Cancelled
938,1210,209,2025-07-22,1892.37,Delivered
939,133,745,2026-05-08,2441.74,Pending
940,411,1219,2026-01-22,2133.47,Pending
941,252,477,2026-04-15,2119.56,Cancelled
942,1023,571,2026-05-03,1947.32,Cancelled
943,1216,560,2026-03-15,1927.31,Cancelled
944,1932,820,2025-11-09,986.83,Cancelled
945,1236,1946,2026-02-23,1100.44,Pending
946,1048,572,2025-12-14,496.33,Pending
947,222,251,2025-10-11,739.12,Pending
948,473,1287,2025-07-13,2364.65,Delivered
949,204,1512,2026-01-11,274.2,Delivered
950,1021,1389,2025-10-03,212.86,Delivered
951,784,1239,2025-07-06,1746.13,Delivered
952,621,1274,2026-02-03,1614.6,Delivered
953,1354,1540,2025-11-04,1371.88,Pending
954,1624,955,2026-04-04,624.54,Cancelled
955,1020,1005,2025-06-12,1336.27,Cancelled
956,704,1658,2026-05-19,2170.23,Cancelled
957,37,1951,2025-09-25,1945.32,Pending
958,1803,1874,2026-03-21,429.97,Pending
959,645,1747,2025-11-28,1034.39,Pending
960,74,68,2026-02-01,565.64,Cancelled
961,1763,1597,2025-09-08,862.15,Cancelled
962,337,1007,2025-09-11,1162.1,Pending
963,1466,797,2025-06-25,1295.52,Delivered
964,1166,1383,2026-04-24,1302.8,Cancelled
965,1404,1105,2025-06-28,1494.69,Pending
966,1152,1750,2025-05-26,517.33,Delivered
967,802,540,2025-09-27,1312.52,Pending
968,1264,1386,2025-07-10,978.99,Pending
969,657,126,2026-02-16,216.15,Delivered
970,263,1715,2026-04-02,1011.06,Cancelled
971,1196,56,2025-12-12,1948.21,Cancelled
972,699,780,2025-06-14,378.77,Pending
973,732,844,2026-03-08,975.48,Cancelled
974,501,508,2025-07-09,701.36,Pending
975,1214,174,2026-03-16,2289.41,Delivered
976,1780,625,2025-11-03,419.01,Delivered
977,41,1103,2026-04-04,916.37,Pending
978,1348,1769,2025-09-09,1142.81,Cancelled
979,1847,863,2025-11-22,776.55,Cancelled
980,962,1205,2026-05-19,202.26,Pending
981,774,1169,2026-02-19,1067.21,Cancelled
982,201,1656,2025-07-21,1297.64,Cancelled
983,1383,422,2026-03-30,939.52,Cancelled
984,1662,1567,2026-02-02,1718.36,Delivered
985,1260,614,2025-11-06,1003.84,Pending
986,414,1018,2026-03-07,1643.29,Delivered
987,1722,1742,2025-07-28,1409.21,Pending
988,544,98,2025-10-02,848.7,Cancelled
989,824,1648,2025-08-26,680.83,Cancelled
990,1962,189,2025-06-12,1836.61,Cancelled
991,195,1213,2026-02-23,941.57,Delivered
992,1161,1641,2025-08-16,1398.0,Pending
993,430,712,2026-01-02,2019.78,Cancelled
994,1688,619,2026-02-16,1335.9,Pending
995,887,1359,2025-05-25,1418.88,Delivered
996,849,824,2026-04-29,740.47,Cancelled
997,929,1376,2026-03-03,1944.09,Delivered
998,1805,39,2026-03-23,1625.43,Cancelled
999,1767,383,2025-06-28,1505.58,Delivered
1000,1354,1971,2025-12-23,2086.18,Pending
1001,549,1920,2026-04-23,1649.13,Cancelled
1002,1747,1576,2025-06-02,2281.06,Cancelled
1003,1489,1284,2026-03-27,290.72,Delivered
1004,747,948,2025-11-14,497.2,Delivered
1005,1529,1404,2025-06-09,1949.0,Pending
1006,841,653,2025-07-11,2171.44,Delivered
1007,1299,417,2025-12-30,2138.02,Pending
1008,1687,588,2025-12-11,1668.2,Pending
1009,1407,1232,2025-10-25,704.91,Delivered
1010,233,308,2025-11-28,601.0,Delivered
1011,1633,1695,2026-02-19,879.77,Pending
1012,1147,894,2026-04-08,1141.74,Delivered
1013,414,327,2026-04-18,790.87,Delivered
1014,530,1618,2026-03-10,2038.31,Cancelled
1015,1128,361,2025-07-11,1664.09,Delivered
1016,1974,1480,2025-10-14,1291.73,Delivered
1017,114,1761,2025-05-23,2256.79,Pending
1018,1233,611,2025-05-22,2187.85,Pending
1019,1837,745,2025-07-02,1728.43,Delivered
1020,813,1932,2025-06-24,2123.55,Delivered
1021,484,230,2025-10-27,1491.79,Cancelled
1022,1911,248,2026-01-07,1376.6,Cancelled
1023,1945,1588,2025-09-07,2339.16,Pending
1024,1017,1812,2025-05-27,362.08,Cancelled
1025,251,1584,2025-06-28,2045.72,Pending
1026,1705,1197,2025-10-18,1882.51,Cancelled
1027,1524,484,2026-03-15,2348.43,Delivered
1028,296,219,2025-09-26,561.61,Pending
1029,901,837,2026-02-03,747.62,Cancelled
1030,115,1005,2026-05-01,1403.65,Cancelled
1031,1943,232,2026-05-05,893.75,Pending
1032,973,1399,2025-08-05,728.91,Pending
1033,1802,1607,2026-01-14,2351.88,Pending
1034,974,1466,2025-06-20,1014.19,Pending
1035,44,1322,2026-01-01,2421.99,Cancelled
1036,72,1724,2026-04-30,1887.71,Delivered
1037,1415,1879,2026-02-15,2003.69,Delivered
1038,519,1132,2025-12-22,1054.02,Cancelled
1039,1963,1435,2025-12-21,1002.71,Cancelled
1040,250,1096,2025-06-06,2187.34,Pending
1041,796,17,2026-02-18,2288.0,Pending
1042,1900,1880,2025-11-16,750.5,Delivered
1043,1918,1685,2026-02-22,1928.17,Pending
1044,431,1761,2025-06-24,2242.08,Pending
1045,1294,650,2026-02-11,2216.75,Cancelled
1046,833,1617,2025-11-12,229.62,Delivered
1047,1686,1597,2025-07-03,2360.16,Pending
1048,1510,846,2026-05-18,2327.27,Pending
1049,1470,866,2025-05-24,2210.39,Delivered
1050,1689,329,2025-12-16,1791.43,Cancelled
1051,136,721,2026-04-11,1139.05,Cancelled
1052,1666,1122,2025-07-28,1883.8,Pending
1053,1424,57,2025-06-03,1940.64,Cancelled
1054,1314,377,2026-03-07,1630.87,Cancelled
1055,279,7,2025-06-05,1091.56,Cancelled
1056,626,643,2026-01-31,1503.15,Delivered
1057,324,512,2026-04-11,1363.46,Cancelled
1058,1563,267,2025-12-14,2140.36,Cancelled
1059,841,1624,2025-09-28,2357.63,Pending
1060,980,1789,2026-05-08,1877.65,Pending
1061,356,1408,2026-03-04,1543.6,Pending
1062,1638,578,2026-03-16,616.86,Pending
1063,753,373,2025-10-26,1074.71,Pending
1064,1935,1710,2025-09-15,2228.2,Delivered
1065,43,1942,2025-12-16,203.98,Cancelled
1066,1326,1254,2025-05-30,1622.57,Delivered
1067,1996,948,2025-08-10,615.93,Cancelled
1068,1745,346,2026-01-27,266.99,Cancelled
1069,879,1230,2025-07-01,761.37,Delivered
1070,1963,754,2025-09-06,549.79,Cancelled
1071,241,29,2025-11-02,1838.67,Pending
1072,1584,1885,2025-07-14,2331.47,Cancelled
1073,1013,243,2025-11-23,677.54,Delivered
1074,391,1938,2025-12-24,2175.55,Pending
1075,590,1529,2025-06-12,1311.3,Delivered
1076,884,1754,2025-06-04,635.52,Delivered
1077,1688,580,2025-08-15,1857.76,Delivered
1078,857,370,2026-04-11,1110.03,Delivered
1079,59,595,2025-08-09,2443.9,Delivered
1080,1266,924,2025-06-26,2282.22,Pending
1081,1194,1402,2025-12-11,1671.0,Delivered
1082,22,961,2026-05-06,463.03,Pending
1083,1996,1420,2025-06-29,1084.25,Delivered
1084,1461,786,2026-01-28,1814.86,Cancelled
1085,1224,525,2026-04-04,321.68,Cancelled
1086,121,107,2025-06-07,932.23,Delivered
1087,965,1861,2025-10-26,982.61,Cancelled
1088,1924,1374,2026-02-23,2422.94,Cancelled
1089,1454,1533,2025-08-26,2053.15,Delivered
1090,520,1034,2025-07-15,1606.2,Pending
1091,809,1375,2026-05-08,1021.62,Cancelled
1092,85,1189,2026-04-29,571.52,Delivered
1093,1032,1010,2025-07-12,2336.27,Pending
1094,271,184,2026-01-30,895.7,Cancelled
1095,887,291,2025-09-21,761.95,Pending
1096,91,262,2026-05-05,1323.14,Pending
1097,1532,739,2025-10-14,2326.66,Pending
1098,1849,1796,2026-02-14,768.56,Pending
1099,1059,642,2025-09-17,1174.07,Delivered
1100,647,1510,2026-01-20,2487.23,Delivered
1101,1139,1748,2025-06-16,2318.7,Cancelled
1102,1635,902,2026-04-27,275.07,Delivered
1103,112,471,2025-09-18,580.38,Pending
1104,533,335,2025-06-16,1809.01,Pending
1105,238,1834,2025-09-28,2328.93,Delivered
1106,905,731,2026-02-09,2473.72,Cancelled
1107,994,938,2026-04-26,1308.52,Cancelled
1108,1776,304,2025-10-31,440.59,Delivered
1109,418,1779,2025-07-08,817.67,Delivered
1110,1536,1042,2025-11-24,2083.04,Cancelled
1111,1825,1359,2025-05-23,1526.34,Cancelled
1112,1990,9,2026-03-01,1386.14,Cancelled
1113,370,853,2025-07-25,2312.97,Delivered
1114,1574,1021,2025-10-08,1740.74,Pending
1115,54,583,2025-06-21,1751.08,Cancelled
1116,250,808,2025-10-02,1027.86,Delivered
1117,1715,663,2025-09-22,511.37,Delivered
1118,943,1702,2026-01-09,1813.11,Pending
1119,930,1287,2025-10-24,2394.72,Cancelled
1120,1348,12,2025-11-04,924.15,Delivered
1121,1344,1275,2026-03-22,2384.61,Pending
1122,1941,1499,2025-10-22,2499.58,Cancelled
1123,265,433,2026-03-14,2178.71,Cancelled
1124,580,662,2025-08-26,2025.65,Cancelled
1125,145,1121,2025-07-20,2386.97,Pending
1126,190,817,2025-12-22,749.64,Delivered
1127,1977,1579,2026-04-02,2183.96,Delivered
1128,43,1746,2025-11-02,639.32,Pending
1129,1597,825,2025-12-14,819.6,Cancelled
1130,316,247,2026-01-21,851.58,Pending
1131,1508,1652,2026-04-13,2315.99,Cancelled
1132,1236,269,2025-07-11,993.75,Delivered
1133,1705,753,2025-06-22,1354.74,Pending
1134,913,1814,2026-01-13,1062.01,Pending
1135,1154,1230,2026-02-27,1144.22,Pending
1136,1661,755,2025-06-29,1592.59,Pending
1137,1292,873,2026-01-01,368.43,Cancelled
1138,700,1994,2025-10-08,1239.28,Delivered
1139,1327,1406,2025-10-26,1827.04,Pending
1140,1080,1290,2025-07-28,1670.98,Delivered
1141,596,959,2026-05-18,1177.79,Pending
1142,616,305,2025-11-12,2462.84,Cancelled
1143,1850,616,2026-03-18,2127.61,Cancelled
1144,876,606,2026-04-29,1486.06,Cancelled
1145,157,1879,2025-07-10,255.97,Delivered
1146,1046,871,2026-01-09,1120.6,Pending
1147,1354,1476,2025-12-20,1485.92,Pending
1148,728,522,2025-09-02,1526.08,Cancelled
1149,34,234,2025-08-01,1890.21,Pending
1150,368,1611,2025-12-26,578.19,Pending
1151,93,171,2026-02-08,1128.19,Cancelled
1152,610,643,2025-07-08,1529.94,Pending
1153,1552,1373,2025-07-09,1207.38,Pending
1154,700,1980,2025-08-01,2307.56,Delivered
1155,433,380,2025-12-01,333.82,Cancelled
1156,532,1786,2025-08-27,1732.51,Pending
1157,1095,37,2025-11-06,163.74,Delivered
1158,28,352,2025-07-23,1691.13,Pending
1159,1417,830,2025-09-12,2191.63,Cancelled
1160,1233,1487,2026-01-02,1293.8,Cancelled
1161,1666,1995,2026-02-08,1599.35,Cancelled
1162,1380,1973,2026-02-10,1772.19,Pending
1163,1648,620,2025-12-25,355.94,Delivered
1164,29,391,2026-01-18,412.99,Delivered
1165,1426,1988,2026-01-20,592.32,Delivered
1166,429,986,2025-09-29,1674.26,Cancelled
1167,496,893,2025-09-20,2128.91,Cancelled
1168,391,177,2026-04-14,857.16,Pending
1169,304,971,2025-10-09,1141.42,Delivered
1170,341,1849,2026-01-03,508.19,Cancelled
1171,912,1974,2025-10-19,1289.86,Delivered
1172,1761,921,2025-09-10,1525.28,Delivered
1173,604,1167,2025-08-14,2099.21,Pending
1174,105,684,2026-05-06,168.5,Cancelled
1175,1736,1461,2026-05-03,1164.7,Pending
1176,1738,1016,2025-06-19,1882.13,Cancelled
1177,1498,1136,2026-01-08,2497.71,Delivered
1178,999,819,2025-08-25,1292.34,Cancelled
1179,1485,1253,2025-06-06,2347.91,Pending
1180,475,1463,2025-10-30,292.66,Delivered
1181,865,1181,2026-01-18,892.25,Delivered
1182,549,1829,2026-02-22,1673.51,Pending
1183,240,1014,2025-11-28,1613.34,Cancelled
1184,711,919,2025-11-05,1789.16,Delivered
1185,331,590,2026-04-16,1856.59,Pending
1186,705,898,2025-10-25,695.44,Delivered
1187,1204,1862,2026-03-31,1759.69,Cancelled
1188,1748,1726,2026-01-24,1830.72,Pending
1189,269,1809,2025-10-14,839.48,Cancelled
1190,800,1966,2025-10-28,1129.62,Cancelled
1191,1337,1505,2025-07-10,996.6,Pending
1192,1638,1989,2026-01-09,2134.65,Cancelled
1193,425,579,2025-11-07,1773.14,Delivered
1194,1367,989,2025-11-09,453.38,Delivered
1195,321,1241,2026-03-25,1306.64,Pending
1196,1932,1012,2025-06-22,863.58,Delivered
1197,1141,97,2026-01-05,2498.26,Pending
1198,1805,535,2026-04-09,989.05,Delivered
1199,358,1696,2025-07-09,2169.73,Cancelled
1200,66,1653,2026-03-20,299.61,Pending
1201,234,1265,2025-08-05,682.72,Cancelled
1202,459,997,2026-05-09,755.88,Pending
1203,1608,728,2025-10-13,1958.03,Cancelled
1204,548,1836,2025-08-28,505.27,Cancelled
1205,1790,1056,2025-06-08,1570.08,Delivered
1206,1447,104,2025-06-19,2327.59,Pending
1207,1637,937,2026-01-21,2412.22,Delivered
1208,1997,217,2025-12-01,1986.88,Cancelled
1209,1602,1758,2025-10-09,2376.35,Cancelled
1210,86,1039,2025-10-27,397.72,Cancelled
1211,242,1784,2025-09-25,632.66,Pending
1212,322,1492,2025-10-29,836.49,Pending
1213,1561,1037,2025-08-14,1321.22,Delivered
1214,316,1326,2026-04-04,1004.78,Delivered
1215,252,1738,2025-08-31,624.44,Pending
1216,1576,1575,2026-05-06,165.48,Pending
1217,700,588,2025-06-20,1336.8,Delivered
1218,545,763,2025-09-07,1830.72,Pending
1219,739,1290,2026-03-13,1712.74,Delivered
1220,1543,1544,2026-03-05,1394.68,Delivered
1221,283,1643,2025-09-09,1157.73,Pending
1222,1840,940,2026-03-12,2386.83,Cancelled
1223,1628,1398,2026-01-03,1000.17,Delivered
1224,907,299,2025-10-25,1959.86,Cancelled
1225,1652,1060,2025-10-23,2367.56,Delivered
1226,693,645,2025-12-31,1093.88,Delivered
1227,889,126,2025-06-07,1074.18,Delivered
1228,1353,1890,2025-09-12,1657.44,Cancelled
1229,119,1294,2025-10-10,2453.11,Cancelled
1230,1794,1065,2025-11-12,2435.75,Pending
1231,824,1815,2025-06-13,1750.05,Cancelled
1232,1790,624,2026-03-02,1845.64,Pending
1233,1863,705,2025-11-10,168.57,Pending
1234,1844,1081,2025-09-04,1584.44,Delivered
1235,1435,828,2025-06-19,1198.54,Delivered
1236,1818,1115,2025-10-31,1617.25,Cancelled
1237,1336,906,2026-04-08,1789.06,Cancelled
1238,829,1589,2026-03-19,613.65,Pending
1239,173,76,2026-01-01,1412.97,Pending
1240,1486,1473,2025-10-14,1889.12,Delivered
1241,1066,1108,2026-04-17,817.23,Delivered
1242,1048,1131,2026-04-13,883.79,Pending
1243,1551,1302,2026-04-15,526.06,Delivered
1244,1824,1632,2025-12-21,1418.84,Pending
1245,495,1705,2026-01-16,1969.27,Cancelled
1246,866,1035,2025-07-04,409.54,Delivered
1247,1724,764,2025-11-08,760.43,Cancelled
1248,726,254,2025-11-23,262.17,Cancelled
1249,1928,256,2026-02-07,1204.53,Cancelled
1250,1510,11,2025-12-01,1214.9,Delivered
1251,1650,1528,2026-04-19,2474.15,Cancelled
1252,1464,1832,2025-10-13,2353.22,Cancelled
1253,1093,1730,2025-08-18,1549.54,Pending
1254,613,583,2025-07-11,1717.27,Cancelled
1255,1174,1378,2025-07-03,478.93,Pending
1256,1065,1511,2025-12-22,731.94,Pending
1257,1058,1193,2025-05-20,602.5,Pending
1258,931,201,2026-05-14,494.4,Pending
1259,1697,844,2025-11-25,342.58,Delivered
1260,871,1820,2026-04-20,455.65,Delivered
1261,914,160,2025-08-04,1017.84,Cancelled
1262,825,1205,2025-11-03,1463.58,Pending
1263,1786,541,2025-06-18,1523.11,Cancelled
1264,868,902,2025-07-22,1769.19,Pending
1265,1499,1994,2025-08-09,1129.77,Delivered
1266,296,1036,2025-11-30,448.74,Cancelled
1267,938,265,2025-09-09,2424.87,Cancelled
1268,1768,1084,2025-12-14,427.44,Delivered
1269,933,970,2025-12-01,226.63,Delivered
1270,1934,1145,2025-11-01,1017.93,Delivered
1271,1233,1746,2025-12-07,1110.26,Delivered
1272,757,1171,2025-10-26,830.54,Cancelled
1273,314,242,2026-02-06,1022.95,Pending
1274,622,603,2025-12-07,1291.93,Delivered
1275,292,1606,2025-05-28,1535.62,Delivered
1276,1919,1832,2026-02-22,867.14,Pending
1277,442,375,2026-05-04,2074.94,Pending
1278,5,251,2025-12-24,1436.71,Delivered
1279,1783,92,2026-05-19,1131.3,Cancelled
1280,635,1159,2026-01-12,1213.08,Pending
1281,1601,773,2025-11-13,1266.78,Cancelled
1282,1708,1241,2025-11-10,462.1,Delivered
1283,1034,1304,2025-12-01,1233.2,Pending
1284,1367,920,2025-06-02,500.11,Cancelled
1285,667,183,2025-11-21,2029.56,Cancelled
1286,1278,839,2025-09-12,1060.0,Pending
1287,695,1108,2026-01-13,257.68,Cancelled
1288,1823,908,2026-01-19,1879.4,Cancelled
1289,182,1774,2025-08-21,539.19,Delivered
1290,1172,1291,2026-03-05,2020.97,Cancelled
1291,633,1150,2025-07-27,1666.13,Cancelled
1292,1146,175,2025-07-28,602.2,Cancelled
1293,1110,1182,2025-12-29,1930.4,Cancelled
1294,1069,388,2026-01-16,1913.81,Cancelled
1295,1837,39,2025-06-10,432.67,Cancelled
1296,369,1971,2025-06-20,194.59,Delivered
1297,503,1700,2025-12-10,1808.2,Cancelled
1298,910,174,2025-08-13,2046.26,Cancelled
1299,657,823,2026-05-12,1533.9,Pending
1300,1766,1913,2025-08-10,204.67,Pending
1301,370,850,2026-04-02,206.53,Cancelled
1302,650,783,2025-06-02,754.37,Delivered
1303,204,1110,2026-01-16,545.17,Delivered
1304,375,524,2025-11-07,1955.52,Delivered
1305,629,1951,2025-06-20,1107.1,Delivered
1306,121,1259,2025-09-04,2408.64,Delivered
1307,56,1461,2025-09-12,287.48,Pending
1308,203,656,2025-08-07,484.78,Pending
1309,529,770,2026-01-13,2362.71,Delivered
1310,107,415,2025-09-01,713.11,Cancelled
1311,1201,485,2025-08-26,1308.5,Cancelled
1312,789,1945,2025-07-07,420.44,Delivered
1313,652,952,2025-06-07,1449.83,Delivered
1314,992,60,2026-03-16,1107.61,Delivered
1315,1872,1815,2026-03-04,193.76,Cancelled
1316,1974,1201,2025-09-13,1736.48,Delivered
1317,1563,1137,2025-12-16,1681.14,Delivered
1318,624,1164,2026-03-06,1105.85,Delivered
1319,1734,1303,2025-12-01,1326.02,Delivered
1320,765,1107,2025-05-30,2465.48,Delivered
1321,1101,1951,2025-08-27,1145.82,Cancelled
1322,926,86,2025-07-28,152.35,Pending
1323,1969,1699,2025-06-29,1608.72,Cancelled
1324,1991,343,2025-07-10,151.28,Pending
1325,560,1225,2026-01-31,739.59,Cancelled
1326,779,720,2026-05-03,2129.73,Delivered
1327,1199,1722,2026-05-15,1349.27,Delivered
1328,331,1514,2025-11-30,1405.11,Delivered
1329,616,184,2025-11-03,1078.97,Delivered
1330,1701,287,2026-01-30,1853.92,Pending
1331,1799,885,2025-09-14,645.5,Cancelled
1332,1961,1643,2025-12-24,898.01,Cancelled
1333,1937,702,2026-01-19,1642.65,Cancelled
1334,928,560,2026-01-09,727.93,Pending
1335,700,432,2025-06-19,1230.53,Cancelled
1336,673,33,2025-10-16,2297.94,Delivered
1337,1324,1889,2026-03-29,154.81,Pending
1338,9,1847,2025-09-21,172.51,Delivered
1339,847,1139,2026-01-14,2253.88,Cancelled
1340,1002,1562,2025-06-08,1073.06,Delivered
1341,1613,1796,2026-03-25,1675.38,Delivered
1342,1104,64,2026-02-13,2247.54,Cancelled
1343,912,1377,2025-11-22,440.03,Pending
1344,1695,1232,2025-07-11,991.22,Delivered
1345,1719,1573,2026-01-28,2057.89,Delivered
1346,256,948,2025-07-10,1020.63,Delivered
1347,911,20,2026-04-14,670.57,Delivered
1348,1554,576,2026-04-10,1749.3,Cancelled
1349,733,393,2025-11-11,361.42,Cancelled
1350,1281,621,2025-06-18,2049.77,Delivered
1351,480,1012,2025-12-08,2423.15,Delivered
1352,575,1010,2025-10-10,2275.59,Cancelled
1353,1242,429,2026-04-25,166.77,Cancelled
1354,812,228,2025-07-08,2194.3,Cancelled
1355,1025,1012,2025-11-17,550.62,Delivered
1356,1352,1514,2025-10-21,1479.41,Cancelled
1357,1235,1158,2025-07-30,562.49,Cancelled
1358,263,1528,2025-10-08,302.87,Pending
1359,1912,1168,2025-11-14,2160.38,Cancelled
1360,1493,1603,2025-11-14,794.67,Cancelled
1361,48,1987,2026-02-01,1778.52,Cancelled
1362,1259,518,2026-01-30,1749.6,Pending
1363,5,1921,2025-12-31,1153.72,Cancelled
1364,1932,1332,2025-06-25,271.88,Pending
1365,886,1730,2026-03-21,2488.5,Pending
1366,250,1393,2026-01-13,1367.99,Pending
1367,741,1060,2025-11-27,1933.7,Cancelled
1368,460,97,2026-01-10,803.14,Pending
1369,1091,920,2026-01-01,893.17,Pending
1370,399,686,2025-09-26,342.25,Cancelled
1371,1655,52,2025-12-27,2477.12,Delivered
1372,1413,868,2026-02-25,2400.77,Delivered
1373,404,337,2026-02-25,923.68,Delivered
1374,1283,1281,2025-11-18,377.31,Pending
1375,885,1655,2026-04-27,206.46,Cancelled
1376,1916,685,2025-09-15,2125.19,Delivered
1377,221,970,2026-01-02,710.14,Pending
1378,1705,112,2025-12-26,2080.84,Cancelled
1379,1627,485,2025-11-26,2367.34,Cancelled
1380,1269,899,2026-01-27,1945.63,Cancelled
1381,915,1186,2025-07-16,443.34,Delivered
1382,1878,69,2025-06-07,1036.88,Cancelled
1383,134,1603,2026-01-06,449.71,Pending
1384,113,618,2026-01-19,1585.24,Pending
1385,135,209,2025-09-07,1742.28,Cancelled
1386,107,604,2026-02-18,2147.33,Pending
1387,197,1265,2026-02-04,1917.11,Delivered
1388,1771,1228,2025-07-21,2000.57,Cancelled
1389,22,929,2026-03-15,1052.21,Pending
1390,1803,1271,2026-02-05,1605.19,Pending
1391,1334,1921,2026-03-28,1738.07,Delivered
1392,930,1060,2025-12-15,921.26,Delivered
1393,222,211,2025-11-27,178.88,Cancelled
1394,139,1215,2025-07-06,2005.13,Delivered
1395,1853,1174,2025-10-23,446.06,Cancelled
1396,525,728,2026-03-26,1139.37,Cancelled
1397,1272,911,2025-08-27,586.92,Delivered
1398,1633,91,2026-04-04,292.15,Pending
1399,1198,893,2025-08-25,1355.85,Cancelled
1400,1545,733,2026-04-04,881.29,Cancelled
1401,1589,299,2025-10-26,496.41,Pending
1402,1236,703,2026-01-06,834.0,Delivered
1403,1061,1202,2026-03-17,1695.54,Delivered
1404,118,487,2025-06-07,1341.7,Cancelled
1405,1759,112,2026-03-09,1141.84,Delivered
1406,2000,411,2026-01-04,1655.3,Delivered
1407,1609,141,2025-06-15,952.65,Cancelled
1408,975,1423,2025-07-19,1775.83,Pending
1409,1229,1419,2025-10-23,928.19,Cancelled
1410,1160,1973,2025-08-10,938.8,Pending
1411,858,674,2026-03-18,531.36,Pending
1412,1795,1617,2026-01-10,2289.78,Pending
1413,450,1885,2026-05-17,158.69,Delivered
1414,1420,472,2026-03-17,1246.36,Delivered
1415,490,985,2025-10-23,1876.28,Pending
1416,1654,1516,2025-09-25,1033.39,Pending
1417,378,1692,2026-02-19,2476.21,Pending
1418,21,152,2026-01-04,991.03,Cancelled
1419,236,292,2025-08-19,832.85,Delivered
1420,1293,1200,2025-07-06,2294.87,Pending
1421,90,1998,2025-07-07,219.76,Delivered
1422,582,357,2025-12-27,664.52,Pending
1423,1473,357,2025-07-10,948.57,Cancelled
1424,504,366,2026-03-13,610.57,Delivered
1425,1727,537,2026-05-08,2290.03,Delivered
1426,1703,1388,2025-09-24,472.52,Cancelled
1427,1613,1813,2025-12-09,410.78,Delivered
1428,625,935,2025-08-29,714.35,Pending
1429,1354,351,2025-10-31,2361.73,Cancelled
1430,1806,889,2025-12-12,2214.21,Delivered
1431,243,296,2026-04-14,2224.4,Delivered
1432,1628,389,2026-01-02,600.45,Pending
1433,1423,767,2026-01-05,897.19,Pending
1434,1303,501,2025-07-26,2314.38,Cancelled
1435,1203,388,2025-12-16,2157.92,Pending
1436,1618,305,2026-01-03,920.05,Delivered
1437,1290,1630,2025-07-26,808.17,Delivered
1438,1744,1041,2025-08-31,2425.7,Pending
1439,429,1490,2025-07-25,341.31,Pending
1440,1620,1359,2026-02-25,1594.98,Delivered
1441,1042,795,2025-10-06,1915.57,Cancelled
1442,1539,1043,2025-08-17,1029.53,Cancelled
1443,951,367,2026-01-07,906.28,Pending
1444,1077,1423,2025-10-22,1285.75,Pending
1445,971,550,2026-01-26,1515.79,Cancelled
1446,1887,1620,2025-07-19,1522.36,Delivered
1447,425,450,2025-12-06,2252.98,Pending
1448,1768,481,2026-04-29,1080.36,Pending
1449,871,1821,2025-07-24,1036.14,Delivered
1450,1916,1726,2025-10-11,1029.15,Cancelled
1451,174,276,2025-05-20,1916.31,Pending
1452,911,1063,2025-09-02,976.2,Cancelled
1453,85,953,2025-09-19,1353.82,Pending
1454,873,924,2025-06-01,1248.74,Pending
1455,753,1648,2025-10-03,1319.23,Pending
1456,784,51,2026-02-28,571.98,Delivered
1457,544,1322,2025-08-29,328.34,Delivered
1458,604,1726,2026-04-10,1329.15,Cancelled
1459,1319,161,2025-11-11,1996.8,Delivered
1460,202,243,2025-09-06,317.67,Delivered
1461,1119,411,2025-08-27,934.33,Cancelled
1462,675,513,2025-07-05,861.38,Cancelled
1463,1732,563,2025-10-05,598.01,Cancelled
1464,283,1752,2025-08-27,1918.1,Cancelled
1465,1113,1869,2025-10-07,763.67,Pending
1466,578,1685,2025-12-09,964.59,Pending
1467,1938,831,2026-02-08,2081.37,Cancelled
1468,25,967,2025-12-28,1687.11,Delivered
1469,1773,815,2025-09-13,684.81,Cancelled
1470,1535,430,2025-09-26,1264.93,Cancelled
1471,1203,1610,2026-03-22,1448.65,Pending
1472,1480,1668,2025-09-14,1234.29,Delivered
1473,642,1733,2026-05-02,591.44,Cancelled
1474,856,430,2026-03-24,1180.9,Cancelled
1475,62,768,2025-11-26,476.53,Delivered
1476,626,1932,2026-03-18,1883.84,Pending
1477,1660,1350,2025-05-25,2110.6,Pending
1478,462,859,2026-01-24,1150.44,Pending
1479,1563,1595,2026-03-11,1772.72,Pending
1480,668,1203,2025-11-18,204.61,Delivered
1481,1889,285,2025-05-26,511.17,Pending
1482,1164,1290,2025-09-23,2027.99,Cancelled
1483,1176,1776,2025-10-16,1068.58,Pending
1484,419,1943,2025-07-08,1067.99,Cancelled
1485,792,386,2026-02-27,1265.73,Pending
1486,1167,1971,2025-09-07,1211.11,Pending
1487,191,352,2025-11-08,395.14,Cancelled
1488,364,66,2025-07-09,2092.22,Cancelled
1489,1001,55,2025-12-03,588.73,Delivered
1490,1867,1973,2026-05-18,1056.85,Delivered
1491,478,597,2025-08-19,1699.99,Delivered
1492,932,118,2025-12-04,1016.33,Delivered
1493,352,670,2026-04-12,2170.31,Pending
1494,801,322,2025-11-13,2475.55,Delivered
1495,1099,857,2026-03-25,1273.89,Delivered
1496,797,1957,2025-12-29,2273.43,Delivered
1497,267,1783,2025-08-16,633.34,Pending
1498,1676,1454,2026-01-27,1712.26,Delivered
1499,1237,1178,2025-12-26,2357.01,Cancelled
1500,416,1030,2025-07-04,1834.41,Pending
1501,565,414,2026-04-22,167.49,Delivered
1502,913,132,2025-07-05,2087.77,Cancelled
1503,1654,506,2025-12-27,1385.76,Cancelled
1504,1801,1006,2025-09-16,1231.48,Cancelled
1505,81,1510,2026-04-06,364.09,Cancelled
1506,1805,1882,2025-06-15,1222.32,Cancelled
1507,1726,1458,2025-11-07,2012.01,Pending
1508,1256,1687,2026-05-13,2053.46,Delivered
1509,851,511,2025-12-02,572.01,Cancelled
1510,1502,885,2025-11-06,1225.9,Cancelled
1511,376,1431,2025-11-16,1486.25,Pending
1512,1431,1937,2025-06-14,252.61,Delivered
1513,561,1808,2026-03-08,1626.0,Pending
1514,1366,1877,2025-09-10,306.85,Cancelled
1515,1480,1848,2025-09-08,660.55,Pending
1516,843,1561,2026-02-03,1449.14,Pending
1517,157,1548,2025-10-11,397.28,Pending
1518,840,924,2026-01-01,537.37,Delivered
1519,1037,92,2025-08-13,1236.09,Delivered
1520,1309,1423,2026-05-10,1737.71,Pending
1521,781,704,2025-09-26,1903.0,Delivered
1522,813,78,2026-02-27,175.23,Delivered
1523,1453,1879,2026-04-06,470.73,Cancelled
1524,1534,951,2025-08-31,1289.18,Delivered
1525,170,1124,2026-02-11,1694.0,Cancelled
1526,1946,897,2025-09-28,479.6,Pending
1527,1724,331,2025-11-21,550.88,Delivered
1528,1244,206,2025-09-06,566.51,Delivered
1529,1095,1519,2025-08-14,1068.5,Delivered
1530,1376,1564,2025-12-24,176.34,Pending
1531,315,903,2025-08-06,991.5,Delivered
1532,1464,71,2025-11-20,2247.82,Cancelled
1533,443,906,2026-01-28,1787.34,Cancelled
1534,1662,1071,2026-01-26,1656.38,Cancelled
1535,1352,1838,2025-07-14,391.56,Cancelled
1536,632,910,2026-01-13,273.18,Delivered
1537,100,1582,2026-03-30,1036.88,Delivered
1538,1903,512,2026-03-22,1030.42,Delivered
1539,410,188,2025-07-12,187.69,Delivered
1540,30,691,2026-04-02,2078.24,Cancelled
1541,1371,130,2026-02-03,668.33,Delivered
1542,1633,1711,2025-12-27,2101.56,Delivered
1543,1483,343,2025-06-24,253.43,Cancelled
1544,221,1671,2025-05-26,918.78,Cancelled
1545,1284,389,2026-05-17,1617.98,Cancelled
1546,810,1923,2025-08-01,1155.52,Delivered
1547,438,217,2025-07-15,987.95,Delivered
1548,31,824,2025-07-09,1686.88,Delivered
1549,798,436,2026-04-22,1228.12,Delivered
1550,1348,1670,2025-11-17,804.38,Cancelled
1551,756,90,2026-04-16,308.23,Delivered
1552,842,618,2025-07-26,1953.73,Pending
1553,209,1460,2025-12-29,1410.03,Cancelled
1554,352,516,2026-04-25,2403.73,Cancelled
1555,665,1293,2026-01-05,1786.34,Cancelled
1556,1894,1992,2025-07-24,1962.81,Delivered
1557,681,360,2025-12-06,1643.08,Cancelled
1558,652,1744,2025-06-16,1715.97,Delivered
1559,687,37,2025-10-30,1580.05,Cancelled
1560,920,784,2026-04-10,1350.91,Cancelled
1561,477,1032,2025-11-18,1530.55,Delivered
1562,477,44,2025-10-19,1598.42,Delivered
1563,633,485,2026-04-13,1884.1,Delivered
1564,1270,163,2025-07-29,290.82,Pending
1565,1022,608,2025-09-11,624.73,Pending
1566,419,1315,2025-08-23,239.08,Cancelled
1567,1225,1938,2026-02-18,1192.76,Pending
1568,275,570,2025-10-12,896.22,Delivered
1569,1067,1622,2025-10-18,2447.28,Cancelled
1570,1665,591,2025-07-10,1913.79,Delivered
1571,1735,1501,2025-09-22,928.49,Delivered
1572,422,1105,2026-02-13,277.07,Cancelled
1573,509,1642,2026-03-21,1765.27,Cancelled
1574,456,1246,2026-02-08,2200.86,Cancelled
1575,659,376,2026-02-04,1189.55,Delivered
1576,133,1782,2025-09-15,1305.36,Delivered
1577,107,1300,2026-04-25,2481.23,Delivered
1578,258,188,2025-07-27,558.14,Cancelled
1579,1703,1629,2025-10-22,2339.76,Delivered
1580,1040,161,2026-01-07,1151.66,Pending
1581,638,337,2026-05-19,1845.93,Delivered
1582,869,362,2025-07-02,1573.75,Pending
1583,585,1181,2026-05-15,1203.44,Cancelled
1584,413,557,2025-11-23,2176.7,Pending
1585,164,1948,2025-09-18,2435.5,Pending
1586,774,344,2025-06-20,1256.18,Pending
1587,1035,1249,2026-04-06,1877.08,Delivered
1588,1679,1954,2026-02-26,2014.86,Delivered
1589,1561,782,2025-12-02,1154.38,Delivered
1590,1555,1857,2025-05-29,2315.6,Cancelled
1591,1101,313,2026-03-23,1449.2,Delivered
1592,527,780,2026-02-21,1239.58,Pending
1593,581,769,2025-07-17,1471.03,Pending
1594,148,683,2026-03-20,471.14,Pending
1595,401,317,2025-08-07,2302.91,Delivered
1596,27,1765,2025-07-29,1326.64,Cancelled
1597,767,1007,2025-10-12,1100.7,Pending
1598,1926,809,2025-11-07,2430.66,Pending
1599,787,1003,2025-08-28,873.36,Cancelled
1600,146,838,2026-04-02,2229.75,Delivered
1601,789,1910,2026-03-23,1479.18,Delivered
1602,1563,894,2025-12-22,2399.18,Cancelled
1603,714,1044,2025-06-17,1816.45,Cancelled
1604,1411,755,2025-10-01,1786.67,Cancelled
1605,790,1898,2025-10-14,1146.49,Delivered
1606,497,979,2025-11-01,231.09,Pending
1607,1293,1448,2026-03-02,1739.6,Cancelled
1608,1364,1322,2026-05-07,497.53,Cancelled
1609,933,1934,2025-07-13,1750.51,Pending
1610,507,1234,2026-01-18,1509.1,Cancelled
1611,1724,331,2026-03-01,178.99,Delivered
1612,1320,1458,2025-07-31,2304.67,Pending
1613,1447,1201,2025-10-25,2439.24,Delivered
1614,1062,1864,2025-08-02,593.73,Pending
1615,340,1700,2025-08-25,1153.15,Cancelled
1616,619,1026,2025-12-15,2424.06,Cancelled
1617,1816,784,2025-07-13,1527.29,Cancelled
1618,843,1542,2026-04-08,2209.54,Cancelled
1619,1781,183,2025-10-07,406.79,Cancelled
1620,1591,1634,2026-03-26,959.32,Delivered
1621,551,1534,2026-03-12,642.39,Cancelled
1622,816,1432,2025-12-17,874.04,Delivered
1623,1672,1008,2025-11-24,153.71,Delivered
1624,1585,1427,2025-12-06,1131.92,Pending
1625,1341,591,2025-12-16,1872.65,Delivered
1626,362,768,2026-04-04,588.04,Delivered
1627,406,997,2025-09-29,577.66,Delivered
1628,923,1162,2026-01-03,2063.77,Delivered
1629,412,121,2025-10-11,1912.3,Delivered
1630,532,1848,2026-05-19,2198.3,Pending
1631,1284,1870,2026-01-06,1617.39,Cancelled
1632,341,164,2026-03-17,838.85,Pending
1633,256,567,2025-10-10,301.02,Delivered
1634,1200,481,2025-12-05,1273.06,Cancelled
1635,1558,207,2025-09-26,172.34,Pending
1636,1540,1957,2025-10-05,166.98,Cancelled
1637,1617,86,2026-05-18,377.58,Cancelled
1638,1622,15,2025-08-25,1032.81,Cancelled
1639,1971,1560,2025-05-25,774.71,Pending
1640,970,1551,2026-01-22,942.02,Pending
1641,690,760,2026-03-31,1752.37,Pending
1642,646,1673,2026-01-26,713.05,Pending
1643,1363,817,2026-04-10,1039.32,Delivered
1644,1998,730,2026-01-10,2201.73,Delivered
1645,7,936,2025-06-07,2195.77,Pending
1646,1486,1711,2025-12-23,2236.73,Delivered
1647,53,1233,2026-01-25,438.8,Cancelled
1648,573,1948,2025-07-29,1793.27,Delivered
1649,755,926,2025-05-27,1603.13,Cancelled
1650,1782,974,2025-08-15,1360.05,Cancelled
1651,385,7,2025-11-25,2467.53,Pending
1652,35,1298,2025-09-09,996.48,Delivered
1653,1986,1654,2025-11-17,1879.16,Cancelled
1654,910,479,2025-11-04,1575.89,Pending
1655,1514,1255,2026-05-12,2015.81,Pending
1656,877,1924,2025-10-14,2338.99,Pending
1657,1349,1756,2025-11-27,1793.82,Delivered
1658,1504,789,2026-01-09,840.58,Delivered
1659,1459,294,2026-03-09,2194.17,Cancelled
1660,1608,1755,2026-02-02,1834.16,Delivered
1661,262,1020,2025-09-25,2022.53,Pending
1662,1705,1379,2025-05-20,2491.32,Pending
1663,345,1836,2025-10-22,1198.77,Delivered
1664,988,1358,2026-02-19,1420.57,Delivered
1665,434,350,2025-07-01,1920.14,Cancelled
1666,1434,184,2026-01-18,397.85,Cancelled
1667,60,329,2026-02-06,2333.16,Pending
1668,1849,786,2025-10-30,1950.83,Delivered
1669,1473,528,2025-07-31,1714.94,Cancelled
1670,253,1363,2025-08-11,469.03,Cancelled
1671,1298,1486,2026-01-12,1306.1,Cancelled
1672,682,1786,2025-09-25,675.94,Cancelled
1673,1570,1893,2025-07-19,1561.6,Cancelled
1674,703,773,2026-04-24,2288.89,Cancelled
1675,1508,1485,2025-05-22,1046.88,Cancelled
1676,1608,1151,2025-07-03,2420.68,Pending
1677,1656,478,2025-07-07,675.34,Delivered
1678,596,180,2025-07-10,411.75,Pending
1679,1517,1213,2025-05-29,2352.45,Cancelled
1680,1930,238,2026-03-03,1496.17,Delivered
1681,1748,642,2026-01-18,2392.06,Cancelled
1682,1510,4,2025-08-22,880.38,Cancelled
1683,1097,389,2026-01-23,2140.73,Pending
1684,655,1580,2026-03-19,1007.81,Cancelled
1685,1913,1632,2025-08-18,446.82,Cancelled
1686,1233,1210,2025-09-21,672.03,Pending
1687,19,1103,2025-07-16,2153.05,Pending
1688,297,1672,2025-10-16,2365.79,Delivered
1689,1024,1393,2026-03-08,1221.09,Cancelled
1690,581,299,2025-08-09,1905.59,Cancelled
1691,71,1227,2025-07-06,902.33,Cancelled
1692,1411,253,2025-06-09,792.61,Cancelled
1693,1176,980,2026-04-26,1633.03,Delivered
1694,1014,597,2025-10-20,1804.73,Pending
1695,121,1660,2025-05-21,932.89,Cancelled
1696,432,1737,2025-11-02,1871.75,Delivered
1697,1435,1507,2025-06-19,273.53,Delivered
1698,1755,999,2025-09-07,1859.38,Pending
1699,1670,1351,2025-12-25,2294.08,Delivered
1700,45,1123,2026-02-28,1071.87,Pending
1701,1389,970,2026-02-07,2477.24,Pending
1702,801,148,2026-01-26,1390.43,Pending
1703,579,1427,2026-04-17,2319.2,Cancelled
1704,1754,1123,2025-12-20,1075.37,Delivered
1705,663,1541,2025-08-01,2009.5,Delivered
1706,1741,1915,2025-10-21,1817.53,Pending
1707,1341,336,2025-10-29,1506.32,Pending
1708,1426,989,2026-01-19,834.04,Delivered
1709,430,447,2025-10-18,2040.24,Delivered
1710,1506,1334,2025-12-27,171.46,Cancelled
1711,1754,1179,2025-06-05,389.58,Delivered
1712,772,1947,2026-01-10,2459.35,Cancelled
1713,1724,345,2026-05-19,2326.07,Delivered
1714,729,1996,2025-11-08,1263.61,Delivered
1715,241,1056,2025-09-16,1677.73,Cancelled
1716,889,1987,2026-02-13,499.14,Cancelled
1717,828,502,2026-02-28,229.88,Delivered
1718,813,1001,2025-06-10,861.32,Cancelled
1719,1955,354,2025-08-16,1684.07,Pending
1720,1589,1417,2025-08-18,2479.24,Cancelled
1721,1349,184,2025-09-23,1977.67,Cancelled
1722,783,564,2026-03-15,1635.98,Pending
1723,753,24,2026-01-23,432.0,Delivered
1724,250,1002,2026-04-12,1657.31,Cancelled
1725,461,48,2026-02-19,1529.1,Cancelled
1726,983,561,2026-01-10,1780.26,Delivered
1727,1627,1215,2025-07-30,575.58,Pending
1728,1321,1440,2025-09-11,1169.09,Cancelled
1729,257,204,2025-10-07,914.29,Cancelled
1730,1862,1766,2025-10-14,2018.78,Delivered
1731,831,1665,2025-12-03,1796.74,Pending
1732,1139,1675,2025-12-29,1410.58,Cancelled
1733,1001,131,2025-06-25,1369.42,Cancelled
1734,1104,1462,2026-04-19,2074.24,Cancelled
1735,255,1544,2025-06-13,1919.52,Cancelled
1736,1839,241,2025-11-29,574.56,Cancelled
1737,1424,369,2025-08-30,162.51,Pending
1738,1640,644,2025-08-07,439.16,Delivered
1739,1178,423,2025-11-13,1683.71,Delivered
1740,1152,526,2025-11-13,2150.91,Delivered
1741,174,256,2026-03-17,1339.45,Pending
1742,1979,1115,2026-02-04,553.27,Cancelled
1743,1,509,2025-07-05,856.41,Cancelled
1744,1853,1604,2026-02-03,839.48,Cancelled
1745,912,287,2025-10-27,1506.12,Cancelled
1746,641,1071,2025-11-16,2290.34,Pending
1747,1242,1103,2025-05-29,1349.89,Cancelled
1748,203,1358,2026-03-20,2076.44,Delivered
1749,76,386,2025-05-23,482.92,Delivered
1750,1961,275,2026-04-03,1565.04,Delivered
1751,1212,736,2025-12-28,801.88,Cancelled
1752,1275,865,2025-05-27,324.75,Pending
1753,534,782,2026-02-22,1676.96,Delivered
1754,820,935,2025-06-29,345.65,Pending
1755,1386,872,2025-12-15,2359.47,Delivered
1756,1098,418,2026-05-08,315.81,Cancelled
1757,552,1297,2025-12-14,1787.49,Delivered
1758,1464,763,2025-08-23,1474.56,Cancelled
1759,1681,1048,2025-06-30,1571.62,Pending
1760,1683,315,2025-10-23,893.45,Pending
1761,777,54,2026-03-27,2415.44,Delivered
1762,159,554,2025-11-14,442.86,Delivered
1763,1401,1124,2025-11-13,1105.94,Pending
1764,1312,183,2025-08-16,1002.63,Pending
1765,1594,560,2026-03-08,493.87,Delivered
1766,561,21,2026-02-07,380.18,Delivered
1767,776,1950,2026-05-06,396.76,Delivered
1768,360,1079,2026-05-04,1861.57,Pending
1769,1206,1683,2025-08-21,2045.98,Delivered
1770,1084,715,2025-08-20,1796.07,Pending
1771,1130,556,2025-10-20,1577.55,Delivered
1772,350,652,2026-04-04,2374.3,Pending
1773,371,707,2025-12-17,2044.3,Cancelled
1774,1983,1616,2025-10-01,1399.45,Cancelled
1775,1807,1741,2025-09-14,1096.23,Cancelled
1776,262,531,2025-11-25,172.32,Cancelled
1777,1461,319,2025-07-26,1695.27,Delivered
1778,776,1163,2026-01-29,1878.24,Delivered
1779,1881,1486,2026-05-07,1652.1,Pending
1780,1449,1593,2025-10-25,735.41,Cancelled
1781,857,1448,2025-10-30,1225.8,Pending
1782,725,1636,2025-12-26,1251.36,Pending
1783,565,1951,2025-09-30,1155.25,Cancelled
1784,1806,1892,2026-01-11,2062.95,Pending
1785,1302,1758,2026-01-30,354.31,Pending
1786,833,1579,2025-08-11,884.93,Delivered
1787,1300,163,2025-08-14,330.23,Delivered
1788,1936,192,2025-07-02,538.02,Delivered
1789,174,1523,2026-03-20,821.75,Pending
1790,1656,1791,2026-05-16,175.13,Pending
1791,1387,1042,2025-07-17,2341.24,Delivered
1792,983,1020,2025-12-06,1360.28,Cancelled
1793,1819,1091,2025-07-08,1790.02,Pending
1794,29,1263,2026-04-04,596.93,Cancelled
1795,15,1463,2025-08-06,1148.7,Cancelled
1796,1536,707,2025-06-15,723.93,Cancelled
1797,1355,1948,2026-01-21,2313.08,Cancelled
1798,1401,1248,2025-09-09,249.54,Pending
1799,1976,346,2026-03-13,1735.13,Cancelled
1800,1851,461,2026-02-25,560.81,Pending
1801,1720,274,2026-01-05,1357.16,Delivered
1802,866,1015,2026-01-24,1040.87,Pending
1803,1987,232,2026-04-14,944.2,Cancelled
1804,512,1704,2026-03-31,1416.93,Delivered
1805,595,613,2025-10-11,1285.34,Pending
1806,437,5,2025-06-08,1884.36,Cancelled
1807,807,446,2025-09-02,2319.18,Cancelled
1808,1056,1692,2025-08-31,2249.53,Pending
1809,1828,1266,2025-11-08,2143.63,Delivered
1810,729,13,2025-11-08,1596.5,Pending
1811,612,725,2025-11-27,401.84,Pending
1812,1824,1480,2026-04-20,587.47,Pending
1813,19,208,2025-06-28,1162.39,Delivered
1814,174,1084,2025-10-01,1358.65,Delivered
1815,842,254,2025-06-18,2295.81,Delivered
1816,319,1576,2025-11-04,1693.09,Delivered
1817,964,810,2026-05-11,1029.63,Pending
1818,878,1828,2026-04-16,578.13,Pending
1819,223,899,2026-02-09,1692.26,Pending
1820,332,287,2026-03-03,981.28,Pending
1821,12,736,2025-07-22,2226.4,Cancelled
1822,407,227,2025-10-01,595.48,Delivered
1823,274,809,2025-11-07,1139.48,Pending
1824,1846,65,2025-05-22,526.73,Delivered
1825,1943,982,2026-02-08,2405.29,Pending
1826,244,863,2025-07-13,1299.31,Pending
1827,1639,1397,2025-05-25,1828.65,Pending
1828,1539,1566,2025-10-05,1983.79,Pending
1829,1028,1487,2026-03-16,2320.37,Pending
1830,270,225,2026-02-19,2400.54,Delivered
1831,259,319,2026-05-04,958.68,Delivered
1832,1572,1402,2026-04-25,705.79,Cancelled
1833,1700,701,2026-03-21,1159.71,Cancelled
1834,1511,17,2025-12-01,1170.67,Pending
1835,578,996,2025-08-26,344.15,Pending
1836,508,1265,2025-10-14,508.36,Cancelled
1837,383,511,2025-07-29,810.68,Delivered
1838,1770,540,2026-04-08,2486.5,Delivered
1839,1365,1681,2026-03-01,1158.52,Pending
1840,1447,1604,2026-03-23,2053.39,Cancelled
1841,1496,1029,2025-11-27,1586.09,Delivered
1842,1751,1211,2025-10-30,1627.93,Delivered
1843,470,247,2025-10-30,460.9,Delivered
1844,561,394,2026-05-05,2333.38,Pending
1845,37,1263,2026-04-10,619.16,Delivered
1846,779,835,2025-06-20,1383.68,Cancelled
1847,1298,474,2025-11-09,671.17,Pending
1848,982,126,2026-03-14,1348.18,Cancelled
1849,106,624,2025-10-03,408.63,Pending
1850,575,1932,2025-09-30,974.91,Pending
1851,506,656,2025-08-26,2253.5,Delivered
1852,84,2,2025-09-07,272.51,Cancelled
1853,659,435,2025-10-05,820.49,Pending
1854,1861,1243,2026-05-18,386.79,Delivered
1855,517,1943,2025-07-13,1304.52,Pending
1856,624,229,2026-04-23,377.68,Delivered
1857,1399,1131,2025-08-12,1960.59,Delivered
1858,679,739,2026-03-30,1892.04,Pending
1859,1522,1595,2026-02-02,1533.94,Cancelled
1860,762,488,2025-08-12,1678.08,Delivered
1861,1197,787,2025-12-02,354.99,Delivered
1862,268,1290,2025-05-28,1895.08,Delivered
1863,85,1202,2025-05-29,2425.58,Cancelled
1864,1675,391,2025-10-31,603.38,Pending
1865,1896,203,2026-02-03,325.97,Cancelled
1866,1268,703,2025-12-05,858.47,Pending
1867,1559,414,2025-12-10,1403.86,Delivered
1868,90,262,2026-03-10,600.51,Cancelled
1869,1458,518,2026-02-06,2245.23,Cancelled
1870,1998,712,2026-01-08,2253.05,Pending
1871,1290,1470,2026-02-01,425.96,Pending
1872,139,989,2026-03-05,1134.66,Cancelled
1873,1620,45,2026-01-26,542.3,Pending
1874,1427,1982,2025-10-14,453.0,Delivered
1875,1958,1160,2025-08-23,292.86,Cancelled
1876,390,1517,2026-01-31,2064.15,Pending
1877,1403,1091,2026-03-27,2195.1,Delivered
1878,339,897,2026-02-18,1914.21,Pending
1879,1152,1597,2026-05-10,1067.08,Cancelled
1880,557,424,2026-02-23,582.56,Delivered
1881,1172,447,2026-02-09,1541.46,Delivered
1882,1801,1902,2026-05-05,2008.02,Pending
1883,1032,1450,2025-06-28,1843.36,Pending
1884,622,1746,2026-04-25,667.79,Cancelled
1885,550,1131,2026-05-07,429.89,Delivered
1886,94,1093,2025-12-19,709.81,Delivered
1887,1310,304,2026-03-12,2363.81,Pending
1888,1900,273,2025-08-25,785.52,Delivered
1889,1316,510,2025-11-30,2475.41,Delivered
1890,1095,238,2026-04-04,153.29,Pending
1891,1296,1240,2025-11-14,2434.71,Pending
1892,171,1939,2026-03-04,1807.84,Cancelled
1893,541,1479,2026-03-03,463.99,Cancelled
1894,604,665,2025-08-05,2465.36,Cancelled
1895,1672,22,2025-07-03,2086.24,Delivered
1896,1497,1977,2026-03-27,807.27,Pending
1897,1990,33,2025-09-26,1412.86,Cancelled
1898,218,1480,2025-10-11,1902.56,Pending
1899,1937,1340,2026-02-06,754.76,Cancelled
1900,1300,1238,2026-02-09,1444.56,Pending
1901,452,665,2025-05-21,781.66,Cancelled
1902,1290,1655,2025-11-10,2166.82,Pending
1903,319,914,2025-12-13,694.55,Cancelled
1904,889,755,2025-09-20,498.59,Pending
1905,192,1016,2026-02-21,576.56,Delivered
1906,1671,1767,2026-02-11,563.86,Cancelled
1907,1005,1932,2026-02-02,1864.28,Cancelled
1908,578,44,2025-10-15,878.88,Delivered
1909,1675,808,2025-06-26,1765.31,Delivered
1910,143,294,2025-07-19,319.31,Delivered
1911,932,1862,2025-05-26,1666.03,Pending
1912,206,1484,2025-10-27,1387.93,Cancelled
1913,1537,1655,2026-01-14,177.7,Delivered
1914,774,787,2025-07-12,198.68,Delivered
1915,1564,1701,2025-09-06,1664.53,Delivered
1916,271,509,2025-10-26,1959.78,Pending
1917,293,1923,2026-01-05,1624.35,Delivered
1918,1623,1980,2025-10-27,172.08,Delivered
1919,1111,1508,2025-07-16,2072.9,Cancelled
1920,175,415,2026-05-03,477.19,Cancelled
1921,1828,910,2025-07-24,2066.34,Pending
1922,680,981,2025-06-28,513.11,Delivered
1923,1114,1418,2025-10-25,778.52,Cancelled
1924,253,44,2025-12-01,2088.57,Delivered
1925,1116,608,2026-02-20,391.03,Pending
1926,291,3,2025-11-12,2293.59,Delivered
1927,465,875,2026-04-23,1055.65,Pending
1928,1343,588,2025-09-17,680.83,Cancelled
1929,788,1407,2025-09-11,2227.93,Delivered
1930,1008,348,2025-07-25,2478.3,Delivered
1931,209,1959,2026-01-28,2396.25,Pending
1932,157,1261,2026-03-24,934.25,Pending
1933,1891,1894,2026-02-05,2311.7,Delivered
1934,1239,310,2025-08-16,568.46,Cancelled
1935,686,1229,2025-09-18,576.21,Pending
1936,308,1830,2025-08-14,1718.09,Pending
1937,1280,1675,2025-12-09,824.46,Delivered
1938,556,1877,2025-05-27,1323.24,Pending
1939,1911,544,2025-09-11,2055.19,Cancelled
1940,1636,157,2025-12-23,2003.81,Delivered
1941,1593,1344,2026-02-02,494.48,Delivered
1942,800,915,2026-01-14,1845.16,Pending
1943,1669,138,2025-08-31,415.94,Pending
1944,1966,1489,2025-12-29,804.42,Delivered
1945,662,262,2026-04-25,577.4,Pending
1946,723,654,2025-09-17,1311.39,Pending
1947,1421,1993,2025-08-09,1122.77,Cancelled
1948,683,284,2025-06-01,2035.03,Cancelled
1949,1888,504,2026-03-30,1050.49,Cancelled
1950,1019,1104,2025-11-23,1404.36,Cancelled
1951,1099,1683,2025-06-14,690.77,Delivered
1952,1190,1465,2025-07-20,1141.33,Cancelled
1953,1591,1421,2025-07-14,2056.54,Delivered
1954,1440,179,2026-03-07,702.7,Delivered
1955,417,1743,2025-08-20,190.31,Cancelled
1956,971,1962,2025-08-27,463.94,Delivered
1957,123,1867,2025-05-22,970.97,Delivered
1958,604,943,2025-11-06,488.73,Cancelled
1959,1991,1908,2025-07-15,2295.44,Delivered
1960,432,1696,2026-03-29,677.78,Cancelled
1961,283,241,2025-07-16,2410.82,Cancelled
1962,294,774,2025-08-13,1872.74,Cancelled
1963,1977,870,2025-08-22,1023.46,Cancelled
1964,218,1358,2025-12-01,1516.78,Pending
1965,1716,1217,2025-06-29,2195.62,Delivered
1966,301,749,2026-04-18,482.0,Delivered
1967,158,26,2025-07-02,1487.58,Pending
1968,307,1568,2025-09-26,578.7,Cancelled
1969,287,1533,2026-04-10,1389.51,Pending
1970,963,843,2025-11-11,1848.01,Pending
1971,1601,1321,2026-03-27,1783.83,Pending
1972,228,320,2025-10-20,291.0,Cancelled
1973,66,1238,2025-10-31,1915.16,Cancelled
1974,329,23,2026-01-20,1081.52,Pending
1975,1393,1942,2026-04-09,2208.54,Cancelled
1976,1457,1699,2025-10-06,756.43,Cancelled
1977,1028,627,2025-08-10,1816.98,Pending
1978,1908,322,2026-05-04,788.79,Delivered
1979,1069,774,2026-01-08,2448.13,Delivered
1980,1522,434,2025-05-22,1090.95,Delivered
1981,449,804,2025-08-21,581.68,Cancelled
1982,1999,1146,2025-10-30,1571.95,Delivered
1983,1673,1419,2025-07-25,1250.82,Pending
1984,1337,1315,2025-05-28,1101.98,Pending
1985,338,112,2025-07-16,2037.85,Cancelled
1986,869,399,2025-12-01,784.31,Delivered
1987,160,743,2026-01-29,1567.5,Pending
1988,58,491,2025-07-29,813.19,Cancelled
1989,219,134,2025-10-13,647.99,Delivered
1990,1550,1864,2026-04-20,876.43,Cancelled
1991,414,1308,2025-10-12,2333.62,Delivered
1992,552,175,2026-05-10,2445.16,Cancelled
1993,92,1155,2025-10-18,2468.26,Pending
1994,94,99,2026-05-09,889.26,Pending
1995,18,731,2025-12-02,1916.45,Pending
1996,1025,400,2025-11-24,889.01,Pending
1997,1487,729,2025-06-17,2438.55,Cancelled
1998,1382,200,2026-04-11,928.6,Cancelled
1999,1032,207,2026-05-18,1330.12,Delivered
2000,49,1203,2025-06-09,2020.76,Pending
